0 verbose cli /Users/mac-domain/.nvm/versions/node/v24.10.0/bin/node /Users/mac-domain/.nvm/versions/node/v24.10.0/bin/npm
1 info using npm@11.6.1
2 info using node@v24.10.0
3 silly config load:file:/Users/mac-domain/.nvm/versions/node/v24.10.0/lib/node_modules/npm/npmrc
4 silly config load:file:/Users/mac-domain/Desktop/updateer-ai/.npmrc
5 silly config load:file:/Users/mac-domain/.npmrc
6 silly config load:file:/Users/mac-domain/.nvm/versions/node/v24.10.0/etc/npmrc
7 verbose title npm install
8 verbose argv "install" "--cache" "./.npm-cache"
9 verbose logfile logs-max:10 dir:/Users/mac-domain/Desktop/updateer-ai/.npm-cache/_logs/2026-01-26T01_27_19_983Z-
10 verbose logfile /Users/mac-domain/Desktop/updateer-ai/.npm-cache/_logs/2026-01-26T01_27_19_983Z-debug-0.log
11 silly logfile done cleaning log files
12 silly packumentCache heap:2348810240 maxSize:587202560 maxEntrySize:293601280
13 silly idealTree buildDeps
14 silly fetch manifest @google/genai@^1.20.0
15 silly packumentCache full:https://registry.npmjs.org/@google%2fgenai cache-miss
16 http fetch GET 200 https://registry.npmjs.org/@google%2fgenai 905ms (cache miss)
17 silly packumentCache full:https://registry.npmjs.org/@google%2fgenai set size:undefined disposed:false
18 silly fetch manifest @modelcontextprotocol/sdk@^1.25.2
19 silly packumentCache full:https://registry.npmjs.org/@modelcontextprotocol%2fsdk cache-miss
20 http fetch GET 200 https://registry.npmjs.org/npm 1214ms
21 http fetch GET 200 https://registry.npmjs.org/@modelcontextprotocol%2fsdk 254ms (cache miss)
22 silly packumentCache full:https://registry.npmjs.org/@modelcontextprotocol%2fsdk set size:undefined disposed:false
23 silly fetch manifest @cfworker/json-schema@^4.1.1
24 silly packumentCache full:https://registry.npmjs.org/@cfworker%2fjson-schema cache-miss
25 http fetch GET 200 https://registry.npmjs.org/@cfworker%2fjson-schema 238ms (cache miss)
26 silly packumentCache full:https://registry.npmjs.org/@cfworker%2fjson-schema set size:undefined disposed:false
27 silly fetch manifest lucide-react@^0.344.0
28 silly packumentCache full:https://registry.npmjs.org/lucide-react cache-miss
29 http fetch GET 200 https://registry.npmjs.org/lucide-react 562ms (cache miss)
30 silly packumentCache full:https://registry.npmjs.org/lucide-react set size:undefined disposed:false
31 silly fetch manifest react@^18.2.0
32 silly packumentCache full:https://registry.npmjs.org/react cache-miss
33 http fetch GET 200 https://registry.npmjs.org/react 1042ms (cache miss)
34 silly packumentCache full:https://registry.npmjs.org/react set size:undefined disposed:false
35 silly fetch manifest react-dom@^18.2.0
36 silly packumentCache full:https://registry.npmjs.org/react-dom cache-miss
37 http fetch GET 200 https://registry.npmjs.org/react-dom 740ms (cache miss)
38 silly packumentCache full:https://registry.npmjs.org/react-dom set size:undefined disposed:false
39 silly fetch manifest recharts@^2.12.2
40 silly packumentCache full:https://registry.npmjs.org/recharts cache-miss
41 http fetch GET 200 https://registry.npmjs.org/recharts 391ms (cache miss)
42 silly packumentCache full:https://registry.npmjs.org/recharts set size:undefined disposed:false
43 silly fetch manifest @types/react@^18.2.66
44 silly packumentCache full:https://registry.npmjs.org/@types%2freact cache-miss
45 http fetch GET 200 https://registry.npmjs.org/@types%2freact 722ms (cache miss)
46 silly packumentCache full:https://registry.npmjs.org/@types%2freact set size:undefined disposed:false
47 silly fetch manifest @types/react-dom@^18.2.22
48 silly packumentCache full:https://registry.npmjs.org/@types%2freact-dom cache-miss
49 http fetch GET 200 https://registry.npmjs.org/@types%2freact-dom 282ms (cache miss)
50 silly packumentCache full:https://registry.npmjs.org/@types%2freact-dom set size:undefined disposed:false
51 silly fetch manifest @vitejs/plugin-react@^4.3.0
52 silly packumentCache full:https://registry.npmjs.org/@vitejs%2fplugin-react cache-miss
53 http fetch GET 200 https://registry.npmjs.org/@vitejs%2fplugin-react 588ms (cache miss)
54 silly packumentCache full:https://registry.npmjs.org/@vitejs%2fplugin-react set size:undefined disposed:false
55 silly fetch manifest vite@^5.0.0
56 silly packumentCache full:https://registry.npmjs.org/vite cache-miss
57 http fetch GET 200 https://registry.npmjs.org/vite 3441ms (cache miss)
58 silly packumentCache full:https://registry.npmjs.org/vite set size:undefined disposed:false
59 silly fetch manifest @types/node@^18.0.0 || >=20.0.0
60 silly packumentCache full:https://registry.npmjs.org/@types%2fnode cache-miss
61 http fetch GET 200 https://registry.npmjs.org/@types%2fnode 1074ms (cache miss)
62 silly packumentCache full:https://registry.npmjs.org/@types%2fnode set size:undefined disposed:false
63 silly fetch manifest less@*
64 silly packumentCache full:https://registry.npmjs.org/less cache-miss
65 http fetch GET 200 https://registry.npmjs.org/less 239ms (cache miss)
66 silly packumentCache full:https://registry.npmjs.org/less set size:undefined disposed:false
67 silly fetch manifest lightningcss@^1.21.0
68 silly packumentCache full:https://registry.npmjs.org/lightningcss cache-miss
69 http fetch GET 200 https://registry.npmjs.org/lightningcss 775ms (cache miss)
70 silly packumentCache full:https://registry.npmjs.org/lightningcss set size:undefined disposed:false
71 silly fetch manifest sass@*
72 silly packumentCache full:https://registry.npmjs.org/sass cache-miss
73 http fetch GET 200 https://registry.npmjs.org/sass 357ms (cache miss)
74 silly packumentCache full:https://registry.npmjs.org/sass set size:undefined disposed:false
75 silly fetch manifest sass-embedded@*
76 silly packumentCache full:https://registry.npmjs.org/sass-embedded cache-miss
77 http fetch GET 200 https://registry.npmjs.org/sass-embedded 197ms (cache miss)
78 silly packumentCache full:https://registry.npmjs.org/sass-embedded set size:undefined disposed:false
79 silly fetch manifest stylus@*
80 silly packumentCache full:https://registry.npmjs.org/stylus cache-miss
81 http fetch GET 200 https://registry.npmjs.org/stylus 204ms (cache miss)
82 silly packumentCache full:https://registry.npmjs.org/stylus set size:undefined disposed:false
83 silly fetch manifest sugarss@*
84 silly packumentCache full:https://registry.npmjs.org/sugarss cache-miss
85 http fetch GET 200 https://registry.npmjs.org/sugarss 188ms (cache miss)
86 silly packumentCache full:https://registry.npmjs.org/sugarss set size:undefined disposed:false
87 silly fetch manifest postcss@^8.3.3
88 silly packumentCache full:https://registry.npmjs.org/postcss cache-miss
89 http fetch GET 200 https://registry.npmjs.org/postcss 238ms (cache miss)
90 silly packumentCache full:https://registry.npmjs.org/postcss set size:undefined disposed:false
91 silly fetch manifest terser@^5.4.0
92 silly packumentCache full:https://registry.npmjs.org/terser cache-miss
93 http fetch GET 200 https://registry.npmjs.org/terser 271ms (cache miss)
94 silly packumentCache full:https://registry.npmjs.org/terser set size:undefined disposed:false
95 silly fetch manifest typescript@^5.6.3
96 silly packumentCache full:https://registry.npmjs.org/typescript cache-miss
97 http fetch GET 200 https://registry.npmjs.org/typescript 2404ms (cache miss)
98 silly packumentCache full:https://registry.npmjs.org/typescript set size:undefined disposed:false
99 silly placeDep ROOT @google/genai@1.38.0 OK for: updateer-ai@1.0.0 want: ^1.20.0
100 silly placeDep ROOT @types/react@18.3.27 OK for: updateer-ai@1.0.0 want: ^18.2.66
101 silly placeDep ROOT @types/react-dom@18.3.7 OK for: updateer-ai@1.0.0 want: ^18.2.22
102 silly placeDep ROOT @vitejs/plugin-react@4.7.0 OK for: updateer-ai@1.0.0 want: ^4.3.0
103 silly placeDep ROOT vite@5.4.21 OK for: @vitejs/plugin-react@4.7.0 want: ^4.2.0 || ^5.0.0 || ^6.0.0 || ^7.0.0
104 silly placeDep ROOT lucide-react@0.344.0 OK for: updateer-ai@1.0.0 want: ^0.344.0
105 silly placeDep ROOT react@18.3.1 OK for: lucide-react@0.344.0 want: ^16.5.1 || ^17.0.0 || ^18.0.0
106 silly placeDep ROOT react-dom@18.3.1 OK for: updateer-ai@1.0.0 want: ^18.2.0
107 silly placeDep ROOT recharts@2.15.4 OK for: updateer-ai@1.0.0 want: ^2.12.2
108 silly placeDep ROOT typescript@5.9.3 OK for: updateer-ai@1.0.0 want: ^5.6.3
109 silly fetch manifest google-auth-library@^10.3.0
110 silly packumentCache full:https://registry.npmjs.org/google-auth-library cache-miss
111 silly fetch manifest protobufjs@^7.5.4
112 silly packumentCache full:https://registry.npmjs.org/protobufjs cache-miss
113 silly fetch manifest ws@^8.18.0
114 silly packumentCache full:https://registry.npmjs.org/ws cache-miss
115 http fetch GET 200 https://registry.npmjs.org/protobufjs 293ms (cache miss)
116 silly packumentCache full:https://registry.npmjs.org/protobufjs set size:undefined disposed:false
117 silly fetch manifest csstype@^3.2.2
118 silly packumentCache full:https://registry.npmjs.org/csstype cache-miss
119 http fetch GET 200 https://registry.npmjs.org/google-auth-library 308ms (cache miss)
120 silly packumentCache full:https://registry.npmjs.org/google-auth-library set size:undefined disposed:false
121 silly fetch manifest @types/prop-types@*
122 silly packumentCache full:https://registry.npmjs.org/@types%2fprop-types cache-miss
123 http fetch GET 200 https://registry.npmjs.org/csstype 205ms (cache miss)
124 silly packumentCache full:https://registry.npmjs.org/csstype set size:undefined disposed:false
125 silly fetch manifest @babel/core@^7.28.0
126 silly packumentCache full:https://registry.npmjs.org/@babel%2fcore cache-miss
127 http fetch GET 200 https://registry.npmjs.org/@types%2fprop-types 386ms (cache miss)
128 silly packumentCache full:https://registry.npmjs.org/@types%2fprop-types set size:undefined disposed:false
129 silly fetch manifest react-refresh@^0.17.0
130 silly packumentCache full:https://registry.npmjs.org/react-refresh cache-miss
131 http fetch GET 200 https://registry.npmjs.org/ws 794ms (cache miss)
132 silly packumentCache full:https://registry.npmjs.org/ws set size:undefined disposed:false
133 silly fetch manifest @types/babel__core@^7.20.5
134 silly packumentCache full:https://registry.npmjs.org/@types%2fbabel__core cache-miss
135 http fetch GET 200 https://registry.npmjs.org/@babel%2fcore 301ms (cache miss)
136 silly packumentCache full:https://registry.npmjs.org/@babel%2fcore set size:undefined disposed:false
137 silly fetch manifest @rolldown/pluginutils@1.0.0-beta.27
138 silly packumentCache full:https://registry.npmjs.org/@rolldown%2fpluginutils cache-miss
139 http fetch GET 200 https://registry.npmjs.org/@types%2fbabel__core 390ms (cache miss)
140 silly packumentCache full:https://registry.npmjs.org/@types%2fbabel__core set size:undefined disposed:false
141 silly fetch manifest @babel/plugin-transform-react-jsx-self@^7.27.1
142 silly packumentCache full:https://registry.npmjs.org/@babel%2fplugin-transform-react-jsx-self cache-miss
143 http fetch GET 200 https://registry.npmjs.org/react-refresh 634ms (cache miss)
144 silly packumentCache full:https://registry.npmjs.org/react-refresh set size:undefined disposed:false
145 silly fetch manifest @babel/plugin-transform-react-jsx-source@^7.27.1
146 silly packumentCache full:https://registry.npmjs.org/@babel%2fplugin-transform-react-jsx-source cache-miss
147 http fetch GET 200 https://registry.npmjs.org/@rolldown%2fpluginutils 598ms (cache miss)
148 silly packumentCache full:https://registry.npmjs.org/@rolldown%2fpluginutils set size:undefined disposed:false
149 silly fetch manifest rollup@^4.20.0
150 silly packumentCache full:https://registry.npmjs.org/rollup cache-miss
151 http fetch GET 200 https://registry.npmjs.org/@babel%2fplugin-transform-react-jsx-self 372ms (cache miss)
152 silly packumentCache full:https://registry.npmjs.org/@babel%2fplugin-transform-react-jsx-self set size:undefined disposed:false
153 silly fetch manifest esbuild@^0.21.3
154 silly packumentCache full:https://registry.npmjs.org/esbuild cache-miss
155 http fetch GET 200 https://registry.npmjs.org/@babel%2fplugin-transform-react-jsx-source 403ms (cache miss)
156 silly packumentCache full:https://registry.npmjs.org/@babel%2fplugin-transform-react-jsx-source set size:undefined disposed:false
157 silly fetch manifest postcss@^8.4.43
158 silly packumentCache full:https://registry.npmjs.org/postcss cache-miss
159 http cache https://registry.npmjs.org/postcss 35ms (cache hit)
160 silly packumentCache full:https://registry.npmjs.org/postcss set size:696248 disposed:false
161 silly fetch manifest fsevents@~2.3.3
162 silly packumentCache full:https://registry.npmjs.org/fsevents cache-miss
163 http fetch GET 200 https://registry.npmjs.org/rollup 658ms (cache miss)
164 silly packumentCache full:https://registry.npmjs.org/rollup set size:undefined disposed:false
165 silly fetch manifest loose-envify@^1.1.0
166 silly packumentCache full:https://registry.npmjs.org/loose-envify cache-miss
167 http fetch GET 200 https://registry.npmjs.org/fsevents 414ms (cache miss)
168 silly packumentCache full:https://registry.npmjs.org/fsevents set size:undefined disposed:false
169 silly fetch manifest scheduler@^0.23.2
170 silly packumentCache full:https://registry.npmjs.org/scheduler cache-miss
171 http fetch GET 200 https://registry.npmjs.org/esbuild 713ms (cache miss)
172 silly packumentCache full:https://registry.npmjs.org/esbuild set size:undefined disposed:false
173 silly fetch manifest loose-envify@^1.1.0
174 silly packumentCache full:https://registry.npmjs.org/loose-envify cache-miss
175 http fetch GET 200 https://registry.npmjs.org/loose-envify 177ms (cache miss)
176 silly packumentCache full:https://registry.npmjs.org/loose-envify set size:undefined disposed:false
177 silly fetch manifest clsx@^2.0.0
178 silly packumentCache full:https://registry.npmjs.org/clsx cache-miss
179 http fetch GET 200 https://registry.npmjs.org/loose-envify 211ms (cache miss)
180 silly packumentCache full:https://registry.npmjs.org/loose-envify set size:undefined disposed:false
181 silly fetch manifest lodash@^4.17.21
182 silly packumentCache full:https://registry.npmjs.org/lodash cache-miss
183 http fetch GET 200 https://registry.npmjs.org/clsx 398ms (cache miss)
184 silly packumentCache full:https://registry.npmjs.org/clsx set size:undefined disposed:false
185 silly fetch manifest react-is@^18.3.1
186 silly packumentCache full:https://registry.npmjs.org/react-is cache-miss
187 http fetch GET 200 https://registry.npmjs.org/scheduler 728ms (cache miss)
188 silly packumentCache full:https://registry.npmjs.org/scheduler set size:undefined disposed:false
189 silly fetch manifest react-smooth@^4.0.4
190 silly packumentCache full:https://registry.npmjs.org/react-smooth cache-miss
191 http fetch GET 200 https://registry.npmjs.org/lodash 630ms (cache miss)
192 silly packumentCache full:https://registry.npmjs.org/lodash set size:undefined disposed:false
193 silly fetch manifest eventemitter3@^4.0.1
194 silly packumentCache full:https://registry.npmjs.org/eventemitter3 cache-miss
195 http fetch GET 200 https://registry.npmjs.org/react-is 745ms (cache miss)
196 silly packumentCache full:https://registry.npmjs.org/react-is set size:undefined disposed:false
197 silly fetch manifest recharts-scale@^0.4.4
198 silly packumentCache full:https://registry.npmjs.org/recharts-scale cache-miss
199 http fetch GET 200 https://registry.npmjs.org/eventemitter3 419ms (cache miss)
200 silly packumentCache full:https://registry.npmjs.org/eventemitter3 set size:undefined disposed:false
201 silly fetch manifest tiny-invariant@^1.3.1
202 silly packumentCache full:https://registry.npmjs.org/tiny-invariant cache-miss
203 http fetch GET 200 https://registry.npmjs.org/react-smooth 481ms (cache miss)
204 silly packumentCache full:https://registry.npmjs.org/react-smooth set size:undefined disposed:false
205 silly fetch manifest victory-vendor@^36.6.8
206 silly packumentCache full:https://registry.npmjs.org/victory-vendor cache-miss
207 http fetch GET 200 https://registry.npmjs.org/recharts-scale 193ms (cache miss)
208 silly packumentCache full:https://registry.npmjs.org/recharts-scale set size:undefined disposed:false
209 http fetch GET 200 https://registry.npmjs.org/tiny-invariant 200ms (cache miss)
210 silly packumentCache full:https://registry.npmjs.org/tiny-invariant set size:undefined disposed:false
211 http fetch GET 200 https://registry.npmjs.org/victory-vendor 207ms (cache miss)
212 silly packumentCache full:https://registry.npmjs.org/victory-vendor set size:undefined disposed:false
213 silly fetch manifest bufferutil@^4.0.1
214 silly packumentCache full:https://registry.npmjs.org/bufferutil cache-miss
215 http fetch GET 200 https://registry.npmjs.org/bufferutil 200ms (cache miss)
216 silly packumentCache full:https://registry.npmjs.org/bufferutil set size:undefined disposed:false
217 silly fetch manifest utf-8-validate@>=5.0.2
218 silly packumentCache full:https://registry.npmjs.org/utf-8-validate cache-miss
219 http fetch GET 200 https://registry.npmjs.org/utf-8-validate 196ms (cache miss)
220 silly packumentCache full:https://registry.npmjs.org/utf-8-validate set size:undefined disposed:false
221 silly placeDep ROOT google-auth-library@10.5.0 OK for: @google/genai@1.38.0 want: ^10.3.0
222 silly placeDep ROOT protobufjs@7.5.4 OK for: @google/genai@1.38.0 want: ^7.5.4
223 silly placeDep ROOT ws@8.19.0 OK for: @google/genai@1.38.0 want: ^8.18.0
224 silly fetch manifest base64-js@^1.3.0
225 silly packumentCache full:https://registry.npmjs.org/base64-js cache-miss
226 silly fetch manifest ecdsa-sig-formatter@^1.0.11
227 silly packumentCache full:https://registry.npmjs.org/ecdsa-sig-formatter cache-miss
228 silly fetch manifest gaxios@^7.0.0
229 silly packumentCache full:https://registry.npmjs.org/gaxios cache-miss
230 http fetch GET 200 https://registry.npmjs.org/base64-js 214ms (cache miss)
231 silly packumentCache full:https://registry.npmjs.org/base64-js set size:undefined disposed:false
232 silly fetch manifest gcp-metadata@^8.0.0
233 silly packumentCache full:https://registry.npmjs.org/gcp-metadata cache-miss
234 http fetch GET 200 https://registry.npmjs.org/ecdsa-sig-formatter 227ms (cache miss)
235 silly packumentCache full:https://registry.npmjs.org/ecdsa-sig-formatter set size:undefined disposed:false
236 silly fetch manifest google-logging-utils@^1.0.0
237 silly packumentCache full:https://registry.npmjs.org/google-logging-utils cache-miss
238 http fetch GET 200 https://registry.npmjs.org/gaxios 232ms (cache miss)
239 silly packumentCache full:https://registry.npmjs.org/gaxios set size:undefined disposed:false
240 silly fetch manifest gtoken@^8.0.0
241 silly packumentCache full:https://registry.npmjs.org/gtoken cache-miss
242 http fetch GET 200 https://registry.npmjs.org/google-logging-utils 218ms (cache miss)
243 silly packumentCache full:https://registry.npmjs.org/google-logging-utils set size:undefined disposed:false
244 silly fetch manifest jws@^4.0.0
245 silly packumentCache full:https://registry.npmjs.org/jws cache-miss
246 http fetch GET 200 https://registry.npmjs.org/gcp-metadata 256ms (cache miss)
247 silly packumentCache full:https://registry.npmjs.org/gcp-metadata set size:undefined disposed:false
248 silly fetch manifest long@^5.0.0
249 silly packumentCache full:https://registry.npmjs.org/long cache-miss
250 http fetch GET 200 https://registry.npmjs.org/gtoken 235ms (cache miss)
251 silly packumentCache full:https://registry.npmjs.org/gtoken set size:undefined disposed:false
252 silly fetch manifest @types/node@>=13.7.0
253 silly packumentCache full:https://registry.npmjs.org/@types%2fnode cache-miss
254 http cache https://registry.npmjs.org/@types%2fnode 49ms (cache hit)
255 silly packumentCache full:https://registry.npmjs.org/@types%2fnode set size:10801274 disposed:false
256 silly fetch manifest @protobufjs/path@^1.1.2
257 silly packumentCache full:https://registry.npmjs.org/@protobufjs%2fpath cache-miss
258 http fetch GET 200 https://registry.npmjs.org/jws 297ms (cache miss)
259 silly packumentCache full:https://registry.npmjs.org/jws set size:undefined disposed:false
260 silly fetch manifest @protobufjs/pool@^1.1.0
261 silly packumentCache full:https://registry.npmjs.org/@protobufjs%2fpool cache-miss
262 http fetch GET 200 https://registry.npmjs.org/long 276ms (cache miss)
263 silly packumentCache full:https://registry.npmjs.org/long set size:undefined disposed:false
264 silly fetch manifest @protobufjs/utf8@^1.1.0
265 silly packumentCache full:https://registry.npmjs.org/@protobufjs%2futf8 cache-miss
266 http fetch GET 200 https://registry.npmjs.org/@protobufjs%2fpath 297ms (cache miss)
267 silly packumentCache full:https://registry.npmjs.org/@protobufjs%2fpath set size:undefined disposed:false
268 silly fetch manifest @protobufjs/fetch@^1.1.0
269 silly packumentCache full:https://registry.npmjs.org/@protobufjs%2ffetch cache-miss
270 http fetch GET 200 https://registry.npmjs.org/@protobufjs%2fpool 215ms (cache miss)
271 silly packumentCache full:https://registry.npmjs.org/@protobufjs%2fpool set size:undefined disposed:false
272 silly fetch manifest @protobufjs/float@^1.0.2
273 silly packumentCache full:https://registry.npmjs.org/@protobufjs%2ffloat cache-miss
274 http fetch GET 200 https://registry.npmjs.org/@protobufjs%2futf8 236ms (cache miss)
275 silly packumentCache full:https://registry.npmjs.org/@protobufjs%2futf8 set size:undefined disposed:false
276 silly fetch manifest @protobufjs/base64@^1.1.2
277 silly packumentCache full:https://registry.npmjs.org/@protobufjs%2fbase64 cache-miss
278 http fetch GET 200 https://registry.npmjs.org/@protobufjs%2ffetch 196ms (cache miss)
279 silly packumentCache full:https://registry.npmjs.org/@protobufjs%2ffetch set size:undefined disposed:false
280 silly fetch manifest @protobufjs/codegen@^2.0.4
281 silly packumentCache full:https://registry.npmjs.org/@protobufjs%2fcodegen cache-miss
282 http fetch GET 200 https://registry.npmjs.org/@protobufjs%2ffloat 252ms (cache miss)
283 silly packumentCache full:https://registry.npmjs.org/@protobufjs%2ffloat set size:undefined disposed:false
284 silly fetch manifest @protobufjs/inquire@^1.1.0
285 silly packumentCache full:https://registry.npmjs.org/@protobufjs%2finquire cache-miss
286 http fetch GET 200 https://registry.npmjs.org/@protobufjs%2fbase64 260ms (cache miss)
287 silly packumentCache full:https://registry.npmjs.org/@protobufjs%2fbase64 set size:undefined disposed:false
288 silly fetch manifest @protobufjs/aspromise@^1.1.2
289 silly packumentCache full:https://registry.npmjs.org/@protobufjs%2faspromise cache-miss
290 http fetch GET 200 https://registry.npmjs.org/@protobufjs%2fcodegen 194ms (cache miss)
291 silly packumentCache full:https://registry.npmjs.org/@protobufjs%2fcodegen set size:undefined disposed:false
292 silly fetch manifest @protobufjs/eventemitter@^1.1.0
293 silly packumentCache full:https://registry.npmjs.org/@protobufjs%2feventemitter cache-miss
294 http fetch GET 200 https://registry.npmjs.org/@protobufjs%2finquire 223ms (cache miss)
295 silly packumentCache full:https://registry.npmjs.org/@protobufjs%2finquire set size:undefined disposed:false
296 http fetch GET 200 https://registry.npmjs.org/@protobufjs%2faspromise 214ms (cache miss)
297 silly packumentCache full:https://registry.npmjs.org/@protobufjs%2faspromise set size:undefined disposed:false
298 http fetch GET 200 https://registry.npmjs.org/@protobufjs%2feventemitter 200ms (cache miss)
299 silly packumentCache full:https://registry.npmjs.org/@protobufjs%2feventemitter set size:undefined disposed:false
300 silly placeDep ROOT @types/prop-types@15.7.15 OK for: @types/react@18.3.27 want: *
301 silly placeDep ROOT csstype@3.2.3 OK for: @types/react@18.3.27 want: ^3.2.2
302 silly placeDep ROOT @babel/core@7.28.6 OK for: @vitejs/plugin-react@4.7.0 want: ^7.28.0
303 silly placeDep ROOT @babel/plugin-transform-react-jsx-self@7.27.1 OK for: @vitejs/plugin-react@4.7.0 want: ^7.27.1
304 silly placeDep ROOT @babel/plugin-transform-react-jsx-source@7.27.1 OK for: @vitejs/plugin-react@4.7.0 want: ^7.27.1
305 silly placeDep ROOT @rolldown/pluginutils@1.0.0-beta.27 OK for: @vitejs/plugin-react@4.7.0 want: 1.0.0-beta.27
306 silly placeDep ROOT @types/babel__core@7.20.5 OK for: @vitejs/plugin-react@4.7.0 want: ^7.20.5
307 silly placeDep ROOT react-refresh@0.17.0 OK for: @vitejs/plugin-react@4.7.0 want: ^0.17.0
308 silly fetch manifest @babel/code-frame@^7.28.6
309 silly packumentCache full:https://registry.npmjs.org/@babel%2fcode-frame cache-miss
310 silly fetch manifest @babel/generator@^7.28.6
311 silly packumentCache full:https://registry.npmjs.org/@babel%2fgenerator cache-miss
312 silly fetch manifest @babel/helper-compilation-targets@^7.28.6
313 silly packumentCache full:https://registry.npmjs.org/@babel%2fhelper-compilation-targets cache-miss
314 http fetch GET 200 https://registry.npmjs.org/@babel%2fcode-frame 246ms (cache miss)
315 silly packumentCache full:https://registry.npmjs.org/@babel%2fcode-frame set size:undefined disposed:false
316 silly fetch manifest @babel/helper-module-transforms@^7.28.6
317 silly packumentCache full:https://registry.npmjs.org/@babel%2fhelper-module-transforms cache-miss
318 http fetch GET 200 https://registry.npmjs.org/@babel%2fhelper-compilation-targets 285ms (cache miss)
319 silly packumentCache full:https://registry.npmjs.org/@babel%2fhelper-compilation-targets set size:undefined disposed:false
320 silly fetch manifest @babel/helpers@^7.28.6
321 silly packumentCache full:https://registry.npmjs.org/@babel%2fhelpers cache-miss
322 http fetch GET 200 https://registry.npmjs.org/@babel%2fgenerator 306ms (cache miss)
323 silly packumentCache full:https://registry.npmjs.org/@babel%2fgenerator set size:undefined disposed:false
324 silly fetch manifest @babel/parser@^7.28.6
325 silly packumentCache full:https://registry.npmjs.org/@babel%2fparser cache-miss
326 http fetch GET 200 https://registry.npmjs.org/@babel%2fhelpers 234ms (cache miss)
327 silly packumentCache full:https://registry.npmjs.org/@babel%2fhelpers set size:undefined disposed:false
328 silly fetch manifest @babel/template@^7.28.6
329 silly packumentCache full:https://registry.npmjs.org/@babel%2ftemplate cache-miss
330 http fetch GET 200 https://registry.npmjs.org/@babel%2fhelper-module-transforms 283ms (cache miss)
331 silly packumentCache full:https://registry.npmjs.org/@babel%2fhelper-module-transforms set size:undefined disposed:false
332 silly fetch manifest @babel/traverse@^7.28.6
333 silly packumentCache full:https://registry.npmjs.org/@babel%2ftraverse cache-miss
334 http fetch GET 200 https://registry.npmjs.org/@babel%2fparser 281ms (cache miss)
335 silly packumentCache full:https://registry.npmjs.org/@babel%2fparser set size:undefined disposed:false
336 silly fetch manifest @babel/types@^7.28.6
337 silly packumentCache full:https://registry.npmjs.org/@babel%2ftypes cache-miss
338 http fetch GET 200 https://registry.npmjs.org/@babel%2ftemplate 282ms (cache miss)
339 silly packumentCache full:https://registry.npmjs.org/@babel%2ftemplate set size:undefined disposed:false
340 silly fetch manifest @jridgewell/remapping@^2.3.5
341 silly packumentCache full:https://registry.npmjs.org/@jridgewell%2fremapping cache-miss
342 http fetch GET 200 https://registry.npmjs.org/@babel%2ftraverse 318ms (cache miss)
343 silly packumentCache full:https://registry.npmjs.org/@babel%2ftraverse set size:undefined disposed:false
344 silly fetch manifest convert-source-map@^2.0.0
345 silly packumentCache full:https://registry.npmjs.org/convert-source-map cache-miss
346 http fetch GET 200 https://registry.npmjs.org/@babel%2ftypes 292ms (cache miss)
347 silly packumentCache full:https://registry.npmjs.org/@babel%2ftypes set size:undefined disposed:false
348 silly fetch manifest debug@^4.1.0
349 silly packumentCache full:https://registry.npmjs.org/debug cache-miss
350 http fetch GET 200 https://registry.npmjs.org/@jridgewell%2fremapping 256ms (cache miss)
351 silly packumentCache full:https://registry.npmjs.org/@jridgewell%2fremapping set size:undefined disposed:false
352 silly fetch manifest gensync@^1.0.0-beta.2
353 silly packumentCache full:https://registry.npmjs.org/gensync cache-miss
354 http fetch GET 200 https://registry.npmjs.org/convert-source-map 211ms (cache miss)
355 silly packumentCache full:https://registry.npmjs.org/convert-source-map set size:undefined disposed:false
356 silly fetch manifest json5@^2.2.3
357 silly packumentCache full:https://registry.npmjs.org/json5 cache-miss
358 http fetch GET 200 https://registry.npmjs.org/debug 226ms (cache miss)
359 silly packumentCache full:https://registry.npmjs.org/debug set size:undefined disposed:false
360 silly fetch manifest semver@^6.3.1
361 silly packumentCache full:https://registry.npmjs.org/semver cache-miss
362 http fetch GET 200 https://registry.npmjs.org/gensync 204ms (cache miss)
363 silly packumentCache full:https://registry.npmjs.org/gensync set size:undefined disposed:false
364 silly fetch manifest @babel/helper-plugin-utils@^7.27.1
365 silly packumentCache full:https://registry.npmjs.org/@babel%2fhelper-plugin-utils cache-miss
366 http fetch GET 200 https://registry.npmjs.org/json5 223ms (cache miss)
367 silly packumentCache full:https://registry.npmjs.org/json5 set size:undefined disposed:false
368 silly fetch manifest @babel/helper-plugin-utils@^7.27.1
369 silly packumentCache full:https://registry.npmjs.org/@babel%2fhelper-plugin-utils cache-miss
370 http fetch GET 200 https://registry.npmjs.org/semver 217ms (cache miss)
371 silly packumentCache full:https://registry.npmjs.org/semver set size:undefined disposed:false
372 silly fetch manifest @babel/types@^7.20.7
373 silly packumentCache full:https://registry.npmjs.org/@babel%2ftypes cache-miss
374 http cache https://registry.npmjs.org/@babel%2ftypes 6ms (cache hit)
375 silly packumentCache full:https://registry.npmjs.org/@babel%2ftypes set size:479758 disposed:false
376 silly fetch manifest @babel/parser@^7.20.7
377 silly packumentCache full:https://registry.npmjs.org/@babel%2fparser cache-miss
378 http cache https://registry.npmjs.org/@babel%2fparser 6ms (cache hit)
379 silly packumentCache full:https://registry.npmjs.org/@babel%2fparser set size:707345 disposed:false
380 silly fetch manifest @types/babel__template@*
381 silly packumentCache full:https://registry.npmjs.org/@types%2fbabel__template cache-miss
382 http fetch GET 200 https://registry.npmjs.org/@babel%2fhelper-plugin-utils 253ms (cache miss)
383 silly packumentCache full:https://registry.npmjs.org/@babel%2fhelper-plugin-utils set size:undefined disposed:false
384 silly fetch manifest @types/babel__traverse@*
385 silly packumentCache full:https://registry.npmjs.org/@types%2fbabel__traverse cache-miss
386 http fetch GET 200 https://registry.npmjs.org/@babel%2fhelper-plugin-utils 234ms (cache miss)
387 silly packumentCache full:https://registry.npmjs.org/@babel%2fhelper-plugin-utils set size:undefined disposed:false
388 silly fetch manifest @types/babel__generator@*
389 silly packumentCache full:https://registry.npmjs.org/@types%2fbabel__generator cache-miss
390 http fetch GET 200 https://registry.npmjs.org/@types%2fbabel__template 192ms (cache miss)
391 silly packumentCache full:https://registry.npmjs.org/@types%2fbabel__template set size:undefined disposed:false
392 http fetch GET 200 https://registry.npmjs.org/@types%2fbabel__generator 236ms (cache miss)
393 silly packumentCache full:https://registry.npmjs.org/@types%2fbabel__generator set size:undefined disposed:false
394 http fetch GET 200 https://registry.npmjs.org/@types%2fbabel__traverse 244ms (cache miss)
395 silly packumentCache full:https://registry.npmjs.org/@types%2fbabel__traverse set size:undefined disposed:false
396 silly fetch manifest @babel/core@^7.0.0
397 silly packumentCache full:https://registry.npmjs.org/@babel%2fcore cache-miss
398 http cache https://registry.npmjs.org/@babel%2fcore 8ms (cache hit)
399 silly packumentCache full:https://registry.npmjs.org/@babel%2fcore set size:745002 disposed:false
400 silly placeDep ROOT @babel/code-frame@7.28.6 OK for: @babel/core@7.28.6 want: ^7.28.6
401 silly placeDep ROOT @babel/generator@7.28.6 OK for: @babel/core@7.28.6 want: ^7.28.6
402 silly placeDep ROOT @babel/helper-compilation-targets@7.28.6 OK for: @babel/core@7.28.6 want: ^7.28.6
403 silly placeDep ROOT @babel/helper-module-transforms@7.28.6 OK for: @babel/core@7.28.6 want: ^7.28.6
404 silly placeDep ROOT @babel/helpers@7.28.6 OK for: @babel/core@7.28.6 want: ^7.28.6
405 silly placeDep ROOT @babel/parser@7.28.6 OK for: @babel/core@7.28.6 want: ^7.28.6
406 silly placeDep ROOT @babel/template@7.28.6 OK for: @babel/core@7.28.6 want: ^7.28.6
407 silly placeDep ROOT @babel/traverse@7.28.6 OK for: @babel/core@7.28.6 want: ^7.28.6
408 silly placeDep ROOT @babel/types@7.28.6 OK for: @babel/core@7.28.6 want: ^7.28.6
409 silly placeDep ROOT @jridgewell/remapping@2.3.5 OK for: @babel/core@7.28.6 want: ^2.3.5
410 silly placeDep ROOT convert-source-map@2.0.0 OK for: @babel/core@7.28.6 want: ^2.0.0
411 silly placeDep ROOT debug@4.4.3 OK for: @babel/core@7.28.6 want: ^4.1.0
412 silly placeDep ROOT gensync@1.0.0-beta.2 OK for: @babel/core@7.28.6 want: ^1.0.0-beta.2
413 silly placeDep ROOT json5@2.2.3 OK for: @babel/core@7.28.6 want: ^2.2.3
414 silly placeDep ROOT semver@6.3.1 OK for: @babel/core@7.28.6 want: ^6.3.1
415 silly fetch manifest @babel/helper-validator-identifier@^7.28.5
416 silly packumentCache full:https://registry.npmjs.org/@babel%2fhelper-validator-identifier cache-miss
417 silly fetch manifest js-tokens@^4.0.0
418 silly packumentCache full:https://registry.npmjs.org/js-tokens cache-miss
419 silly fetch manifest picocolors@^1.1.1
420 silly packumentCache full:https://registry.npmjs.org/picocolors cache-miss
421 http fetch GET 200 https://registry.npmjs.org/picocolors 200ms (cache miss)
422 silly packumentCache full:https://registry.npmjs.org/picocolors set size:undefined disposed:false
423 silly fetch manifest @jridgewell/gen-mapping@^0.3.12
424 silly packumentCache full:https://registry.npmjs.org/@jridgewell%2fgen-mapping cache-miss
425 http fetch GET 200 https://registry.npmjs.org/js-tokens 206ms (cache miss)
426 silly packumentCache full:https://registry.npmjs.org/js-tokens set size:undefined disposed:false
427 silly fetch manifest @jridgewell/trace-mapping@^0.3.28
428 silly packumentCache full:https://registry.npmjs.org/@jridgewell%2ftrace-mapping cache-miss
429 http fetch GET 200 https://registry.npmjs.org/@babel%2fhelper-validator-identifier 216ms (cache miss)
430 silly packumentCache full:https://registry.npmjs.org/@babel%2fhelper-validator-identifier set size:undefined disposed:false
431 silly fetch manifest jsesc@^3.0.2
432 silly packumentCache full:https://registry.npmjs.org/jsesc cache-miss
433 http fetch GET 200 https://registry.npmjs.org/jsesc 243ms (cache miss)
434 silly packumentCache full:https://registry.npmjs.org/jsesc set size:undefined disposed:false
435 silly fetch manifest @babel/compat-data@^7.28.6
436 silly packumentCache full:https://registry.npmjs.org/@babel%2fcompat-data cache-miss
437 http fetch GET 200 https://registry.npmjs.org/@jridgewell%2fgen-mapping 258ms (cache miss)
438 silly packumentCache full:https://registry.npmjs.org/@jridgewell%2fgen-mapping set size:undefined disposed:false
439 silly fetch manifest @babel/helper-validator-option@^7.27.1
440 silly packumentCache full:https://registry.npmjs.org/@babel%2fhelper-validator-option cache-miss
441 http fetch GET 200 https://registry.npmjs.org/@jridgewell%2ftrace-mapping 264ms (cache miss)
442 silly packumentCache full:https://registry.npmjs.org/@jridgewell%2ftrace-mapping set size:undefined disposed:false
443 silly fetch manifest browserslist@^4.24.0
444 silly packumentCache full:https://registry.npmjs.org/browserslist cache-miss
445 http fetch GET 200 https://registry.npmjs.org/@babel%2fcompat-data 259ms (cache miss)
446 silly packumentCache full:https://registry.npmjs.org/@babel%2fcompat-data set size:undefined disposed:false
447 silly fetch manifest lru-cache@^5.1.1
448 silly packumentCache full:https://registry.npmjs.org/lru-cache cache-miss
449 http fetch GET 200 https://registry.npmjs.org/@babel%2fhelper-validator-option 261ms (cache miss)
450 silly packumentCache full:https://registry.npmjs.org/@babel%2fhelper-validator-option set size:undefined disposed:false
451 silly fetch manifest @babel/helper-module-imports@^7.28.6
452 silly packumentCache full:https://registry.npmjs.org/@babel%2fhelper-module-imports cache-miss
453 http fetch GET 200 https://registry.npmjs.org/browserslist 258ms (cache miss)
454 silly packumentCache full:https://registry.npmjs.org/browserslist set size:undefined disposed:false
455 silly fetch manifest @babel/helper-globals@^7.28.0
456 silly packumentCache full:https://registry.npmjs.org/@babel%2fhelper-globals cache-miss
457 http fetch GET 200 https://registry.npmjs.org/@babel%2fhelper-globals 190ms (cache miss)
458 silly packumentCache full:https://registry.npmjs.org/@babel%2fhelper-globals set size:undefined disposed:false
459 silly fetch manifest debug@^4.3.1
460 silly packumentCache full:https://registry.npmjs.org/debug cache-miss
461 http cache https://registry.npmjs.org/debug 11ms (cache hit)
462 silly packumentCache full:https://registry.npmjs.org/debug set size:195840 disposed:false
463 silly fetch manifest @babel/helper-string-parser@^7.27.1
464 silly packumentCache full:https://registry.npmjs.org/@babel%2fhelper-string-parser cache-miss
465 http fetch GET 200 https://registry.npmjs.org/@babel%2fhelper-module-imports 234ms (cache miss)
466 silly packumentCache full:https://registry.npmjs.org/@babel%2fhelper-module-imports set size:undefined disposed:false
467 silly fetch manifest @jridgewell/gen-mapping@^0.3.5
468 silly packumentCache full:https://registry.npmjs.org/@jridgewell%2fgen-mapping cache-miss
469 http cache https://registry.npmjs.org/@jridgewell%2fgen-mapping 7ms (cache hit)
470 silly packumentCache full:https://registry.npmjs.org/@jridgewell%2fgen-mapping set size:80719 disposed:false
471 silly fetch manifest @jridgewell/trace-mapping@^0.3.24
472 silly packumentCache full:https://registry.npmjs.org/@jridgewell%2ftrace-mapping cache-miss
473 http fetch GET 200 https://registry.npmjs.org/lru-cache 248ms (cache miss)
474 silly packumentCache full:https://registry.npmjs.org/lru-cache set size:undefined disposed:false
475 silly fetch manifest ms@^2.1.3
476 silly packumentCache full:https://registry.npmjs.org/ms cache-miss
477 http cache https://registry.npmjs.org/@jridgewell%2ftrace-mapping 43ms (cache hit)
478 silly packumentCache full:https://registry.npmjs.org/@jridgewell%2ftrace-mapping set size:170909 disposed:false
479 http fetch GET 200 https://registry.npmjs.org/ms 215ms (cache miss)
480 silly packumentCache full:https://registry.npmjs.org/ms set size:undefined disposed:false
481 http fetch GET 200 https://registry.npmjs.org/@babel%2fhelper-string-parser 251ms (cache miss)
482 silly packumentCache full:https://registry.npmjs.org/@babel%2fhelper-string-parser set size:undefined disposed:false
483 silly placeDep ROOT @babel/helper-validator-identifier@7.28.5 OK for: @babel/code-frame@7.28.6 want: ^7.28.5
484 silly placeDep ROOT js-tokens@4.0.0 OK for: @babel/code-frame@7.28.6 want: ^4.0.0
485 silly placeDep ROOT picocolors@1.1.1 OK for: @babel/code-frame@7.28.6 want: ^1.1.1
486 silly placeDep ROOT @jridgewell/gen-mapping@0.3.13 OK for: @babel/generator@7.28.6 want: ^0.3.12
487 silly placeDep ROOT @jridgewell/trace-mapping@0.3.31 OK for: @babel/generator@7.28.6 want: ^0.3.28
488 silly placeDep ROOT jsesc@3.1.0 OK for: @babel/generator@7.28.6 want: ^3.0.2
489 silly fetch manifest @jridgewell/sourcemap-codec@^1.5.0
490 silly packumentCache full:https://registry.npmjs.org/@jridgewell%2fsourcemap-codec cache-miss
491 silly fetch manifest @jridgewell/resolve-uri@^3.1.0
492 silly packumentCache full:https://registry.npmjs.org/@jridgewell%2fresolve-uri cache-miss
493 silly fetch manifest @jridgewell/sourcemap-codec@^1.4.14
494 silly packumentCache full:https://registry.npmjs.org/@jridgewell%2fsourcemap-codec cache-miss
495 http fetch GET 200 https://registry.npmjs.org/@jridgewell%2fresolve-uri 218ms (cache miss)
496 silly packumentCache full:https://registry.npmjs.org/@jridgewell%2fresolve-uri set size:undefined disposed:false
497 http fetch GET 200 https://registry.npmjs.org/@jridgewell%2fsourcemap-codec 219ms (cache miss)
498 silly packumentCache full:https://registry.npmjs.org/@jridgewell%2fsourcemap-codec set size:undefined disposed:false
499 http fetch GET 200 https://registry.npmjs.org/@jridgewell%2fsourcemap-codec 223ms (cache miss)
500 silly packumentCache full:https://registry.npmjs.org/@jridgewell%2fsourcemap-codec set size:undefined disposed:false
501 silly placeDep ROOT @babel/compat-data@7.28.6 OK for: @babel/helper-compilation-targets@7.28.6 want: ^7.28.6
502 silly placeDep ROOT @babel/helper-validator-option@7.27.1 OK for: @babel/helper-compilation-targets@7.28.6 want: ^7.27.1
503 silly placeDep ROOT browserslist@4.28.1 OK for: @babel/helper-compilation-targets@7.28.6 want: ^4.24.0
504 silly placeDep ROOT lru-cache@5.1.1 OK for: @babel/helper-compilation-targets@7.28.6 want: ^5.1.1
505 silly fetch manifest baseline-browser-mapping@^2.9.0
506 silly packumentCache full:https://registry.npmjs.org/baseline-browser-mapping cache-miss
507 silly fetch manifest caniuse-lite@^1.0.30001759
508 silly packumentCache full:https://registry.npmjs.org/caniuse-lite cache-miss
509 silly fetch manifest electron-to-chromium@^1.5.263
510 silly packumentCache full:https://registry.npmjs.org/electron-to-chromium cache-miss
511 http fetch GET 200 https://registry.npmjs.org/baseline-browser-mapping 279ms (cache miss)
512 silly packumentCache full:https://registry.npmjs.org/baseline-browser-mapping set size:undefined disposed:false
513 silly fetch manifest node-releases@^2.0.27
514 silly packumentCache full:https://registry.npmjs.org/node-releases cache-miss
515 http fetch GET 200 https://registry.npmjs.org/caniuse-lite 607ms (cache miss)
516 silly packumentCache full:https://registry.npmjs.org/caniuse-lite set size:undefined disposed:false
517 silly fetch manifest update-browserslist-db@^1.2.0
518 silly packumentCache full:https://registry.npmjs.org/update-browserslist-db cache-miss
519 http fetch GET 200 https://registry.npmjs.org/node-releases 520ms (cache miss)
520 silly packumentCache full:https://registry.npmjs.org/node-releases set size:undefined disposed:false
521 silly fetch manifest yallist@^3.0.2
522 silly packumentCache full:https://registry.npmjs.org/yallist cache-miss
523 http fetch GET 200 https://registry.npmjs.org/update-browserslist-db 288ms (cache miss)
524 silly packumentCache full:https://registry.npmjs.org/update-browserslist-db set size:undefined disposed:false
525 http fetch GET 200 https://registry.npmjs.org/yallist 327ms (cache miss)
526 silly packumentCache full:https://registry.npmjs.org/yallist set size:undefined disposed:false
527 http fetch GET 200 https://registry.npmjs.org/electron-to-chromium 1174ms (cache miss)
528 silly packumentCache full:https://registry.npmjs.org/electron-to-chromium set size:undefined disposed:false
529 silly placeDep ROOT @babel/helper-module-imports@7.28.6 OK for: @babel/helper-module-transforms@7.28.6 want: ^7.28.6
530 silly placeDep ROOT @babel/helper-plugin-utils@7.28.6 OK for: @babel/plugin-transform-react-jsx-self@7.27.1 want: ^7.27.1
531 silly placeDep ROOT @babel/helper-globals@7.28.0 OK for: @babel/traverse@7.28.6 want: ^7.28.0
532 silly placeDep ROOT @babel/helper-string-parser@7.27.1 OK for: @babel/types@7.28.6 want: ^7.27.1
533 silly placeDep ROOT @jridgewell/sourcemap-codec@1.5.5 OK for: @jridgewell/gen-mapping@0.3.13 want: ^1.5.0
534 silly placeDep ROOT @jridgewell/resolve-uri@3.1.2 OK for: @jridgewell/trace-mapping@0.3.31 want: ^3.1.0
535 silly placeDep ROOT @types/babel__generator@7.27.0 OK for: @types/babel__core@7.20.5 want: *
536 silly placeDep ROOT @types/babel__template@7.4.4 OK for: @types/babel__core@7.20.5 want: *
537 silly placeDep ROOT @types/babel__traverse@7.28.0 OK for: @types/babel__core@7.20.5 want: *
538 silly fetch manifest browserslist@>= 4.21.0
539 silly packumentCache full:https://registry.npmjs.org/browserslist cache-miss
540 http cache https://registry.npmjs.org/browserslist 49ms (cache hit)
541 silly packumentCache full:https://registry.npmjs.org/browserslist set size:502989 disposed:false
542 silly placeDep ROOT baseline-browser-mapping@2.9.18 OK for: browserslist@4.28.1 want: ^2.9.0
543 silly placeDep ROOT caniuse-lite@1.0.30001766 OK for: browserslist@4.28.1 want: ^1.0.30001759
544 silly placeDep ROOT electron-to-chromium@1.5.278 OK for: browserslist@4.28.1 want: ^1.5.263
545 silly placeDep ROOT node-releases@2.0.27 OK for: browserslist@4.28.1 want: ^2.0.27
546 silly placeDep ROOT update-browserslist-db@1.2.3 OK for: browserslist@4.28.1 want: ^1.2.0
547 silly fetch manifest escalade@^3.2.0
548 silly packumentCache full:https://registry.npmjs.org/escalade cache-miss
549 http fetch GET 200 https://registry.npmjs.org/escalade 369ms (cache miss)
550 silly packumentCache full:https://registry.npmjs.org/escalade set size:undefined disposed:false
551 silly placeDep ROOT ms@2.1.3 OK for: debug@4.4.3 want: ^2.1.3
552 silly placeDep ROOT base64-js@1.5.1 OK for: google-auth-library@10.5.0 want: ^1.3.0
553 silly placeDep ROOT ecdsa-sig-formatter@1.0.11 OK for: google-auth-library@10.5.0 want: ^1.0.11
554 silly placeDep ROOT gaxios@7.1.3 OK for: google-auth-library@10.5.0 want: ^7.0.0
555 silly placeDep ROOT gcp-metadata@8.1.2 OK for: google-auth-library@10.5.0 want: ^8.0.0
556 silly placeDep ROOT google-logging-utils@1.1.3 OK for: google-auth-library@10.5.0 want: ^1.0.0
557 silly placeDep ROOT gtoken@8.0.0 OK for: google-auth-library@10.5.0 want: ^8.0.0
558 silly placeDep ROOT jws@4.0.1 OK for: google-auth-library@10.5.0 want: ^4.0.0
559 silly fetch manifest safe-buffer@^5.0.1
560 silly packumentCache full:https://registry.npmjs.org/safe-buffer cache-miss
561 silly fetch manifest extend@^3.0.2
562 silly packumentCache full:https://registry.npmjs.org/extend cache-miss
563 silly fetch manifest https-proxy-agent@^7.0.1
564 silly packumentCache full:https://registry.npmjs.org/https-proxy-agent cache-miss
565 http fetch GET 200 https://registry.npmjs.org/safe-buffer 405ms (cache miss)
566 silly packumentCache full:https://registry.npmjs.org/safe-buffer set size:undefined disposed:false
567 silly fetch manifest node-fetch@^3.3.2
568 silly packumentCache full:https://registry.npmjs.org/node-fetch cache-miss
569 http fetch GET 200 https://registry.npmjs.org/https-proxy-agent 407ms (cache miss)
570 silly packumentCache full:https://registry.npmjs.org/https-proxy-agent set size:undefined disposed:false
571 silly fetch manifest rimraf@^5.0.1
572 silly packumentCache full:https://registry.npmjs.org/rimraf cache-miss
573 http fetch GET 200 https://registry.npmjs.org/extend 415ms (cache miss)
574 silly packumentCache full:https://registry.npmjs.org/extend set size:undefined disposed:false
575 silly fetch manifest json-bigint@^1.0.0
576 silly packumentCache full:https://registry.npmjs.org/json-bigint cache-miss
577 http fetch GET 200 https://registry.npmjs.org/json-bigint 196ms (cache miss)
578 silly packumentCache full:https://registry.npmjs.org/json-bigint set size:undefined disposed:false
579 silly fetch manifest jwa@^2.0.1
580 silly packumentCache full:https://registry.npmjs.org/jwa cache-miss
581 http fetch GET 200 https://registry.npmjs.org/rimraf 236ms (cache miss)
582 silly packumentCache full:https://registry.npmjs.org/rimraf set size:undefined disposed:false
583 http fetch GET 200 https://registry.npmjs.org/node-fetch 268ms (cache miss)
584 silly packumentCache full:https://registry.npmjs.org/node-fetch set size:undefined disposed:false
585 http fetch GET 200 https://registry.npmjs.org/jwa 418ms (cache miss)
586 silly packumentCache full:https://registry.npmjs.org/jwa set size:undefined disposed:false
587 silly placeDep ROOT safe-buffer@5.2.1 OK for: ecdsa-sig-formatter@1.0.11 want: ^5.0.1
588 silly placeDep ROOT extend@3.0.2 OK for: gaxios@7.1.3 want: ^3.0.2
589 silly placeDep ROOT https-proxy-agent@7.0.6 OK for: gaxios@7.1.3 want: ^7.0.1
590 silly placeDep ROOT node-fetch@3.3.2 OK for: gaxios@7.1.3 want: ^3.3.2
591 silly placeDep ROOT rimraf@5.0.10 OK for: gaxios@7.1.3 want: ^5.0.1
592 silly fetch manifest agent-base@^7.1.2
593 silly packumentCache full:https://registry.npmjs.org/agent-base cache-miss
594 silly fetch manifest data-uri-to-buffer@^4.0.0
595 silly packumentCache full:https://registry.npmjs.org/data-uri-to-buffer cache-miss
596 silly fetch manifest fetch-blob@^3.1.4
597 silly packumentCache full:https://registry.npmjs.org/fetch-blob cache-miss
598 http fetch GET 200 https://registry.npmjs.org/agent-base 213ms (cache miss)
599 silly packumentCache full:https://registry.npmjs.org/agent-base set size:undefined disposed:false
600 silly fetch manifest formdata-polyfill@^4.0.10
601 silly packumentCache full:https://registry.npmjs.org/formdata-polyfill cache-miss
602 http fetch GET 200 https://registry.npmjs.org/data-uri-to-buffer 221ms (cache miss)
603 silly packumentCache full:https://registry.npmjs.org/data-uri-to-buffer set size:undefined disposed:false
604 silly fetch manifest glob@^10.3.7
605 silly packumentCache full:https://registry.npmjs.org/glob cache-miss
606 http fetch GET 200 https://registry.npmjs.org/fetch-blob 230ms (cache miss)
607 silly packumentCache full:https://registry.npmjs.org/fetch-blob set size:undefined disposed:false
608 http fetch GET 200 https://registry.npmjs.org/formdata-polyfill 265ms (cache miss)
609 silly packumentCache full:https://registry.npmjs.org/formdata-polyfill set size:undefined disposed:false
610 http fetch GET 200 https://registry.npmjs.org/glob 258ms (cache miss)
611 silly packumentCache full:https://registry.npmjs.org/glob set size:undefined disposed:false
612 silly placeDep ROOT json-bigint@1.0.0 OK for: gcp-metadata@8.1.2 want: ^1.0.0
613 silly fetch manifest bignumber.js@^9.0.0
614 silly packumentCache full:https://registry.npmjs.org/bignumber.js cache-miss
615 http fetch GET 200 https://registry.npmjs.org/bignumber.js 182ms (cache miss)
616 silly packumentCache full:https://registry.npmjs.org/bignumber.js set size:undefined disposed:false
617 silly placeDep ROOT agent-base@7.1.4 OK for: https-proxy-agent@7.0.6 want: ^7.1.2
618 silly placeDep ROOT bignumber.js@9.3.1 OK for: json-bigint@1.0.0 want: ^9.0.0
619 silly placeDep ROOT jwa@2.0.1 OK for: jws@4.0.1 want: ^2.0.1
620 silly fetch manifest buffer-equal-constant-time@^1.0.1
621 silly packumentCache full:https://registry.npmjs.org/buffer-equal-constant-time cache-miss
622 http fetch GET 200 https://registry.npmjs.org/buffer-equal-constant-time 342ms (cache miss)
623 silly packumentCache full:https://registry.npmjs.org/buffer-equal-constant-time set size:undefined disposed:false
624 silly placeDep ROOT buffer-equal-constant-time@1.0.1 OK for: jwa@2.0.1 want: ^1.0.1
625 silly placeDep ROOT yallist@3.1.1 OK for: lru-cache@5.1.1 want: ^3.0.2
626 silly placeDep ROOT data-uri-to-buffer@4.0.1 OK for: node-fetch@3.3.2 want: ^4.0.0
627 silly placeDep ROOT fetch-blob@3.2.0 OK for: node-fetch@3.3.2 want: ^3.1.4
628 silly placeDep ROOT formdata-polyfill@4.0.10 OK for: node-fetch@3.3.2 want: ^4.0.10
629 silly fetch manifest node-domexception@^1.0.0
630 silly packumentCache full:https://registry.npmjs.org/node-domexception cache-miss
631 silly fetch manifest web-streams-polyfill@^3.0.3
632 silly packumentCache full:https://registry.npmjs.org/web-streams-polyfill cache-miss
633 http fetch GET 200 https://registry.npmjs.org/node-domexception 210ms (cache miss)
634 silly packumentCache full:https://registry.npmjs.org/node-domexception set size:undefined disposed:false
635 http fetch GET 200 https://registry.npmjs.org/web-streams-polyfill 214ms (cache miss)
636 silly packumentCache full:https://registry.npmjs.org/web-streams-polyfill set size:undefined disposed:false
637 silly placeDep ROOT node-domexception@1.0.0 OK for: fetch-blob@3.2.0 want: ^1.0.0
638 silly placeDep ROOT web-streams-polyfill@3.3.3 OK for: fetch-blob@3.2.0 want: ^3.0.3
639 silly placeDep ROOT @protobufjs/aspromise@1.1.2 OK for: protobufjs@7.5.4 want: ^1.1.2
640 silly placeDep ROOT @protobufjs/base64@1.1.2 OK for: protobufjs@7.5.4 want: ^1.1.2
641 silly placeDep ROOT @protobufjs/codegen@2.0.4 OK for: protobufjs@7.5.4 want: ^2.0.4
642 silly placeDep ROOT @protobufjs/eventemitter@1.1.0 OK for: protobufjs@7.5.4 want: ^1.1.0
643 silly placeDep ROOT @protobufjs/fetch@1.1.0 OK for: protobufjs@7.5.4 want: ^1.1.0
644 silly placeDep ROOT @protobufjs/float@1.0.2 OK for: protobufjs@7.5.4 want: ^1.0.2
645 silly placeDep ROOT @protobufjs/inquire@1.1.0 OK for: protobufjs@7.5.4 want: ^1.1.0
646 silly placeDep ROOT @protobufjs/path@1.1.2 OK for: protobufjs@7.5.4 want: ^1.1.2
647 silly placeDep ROOT @protobufjs/pool@1.1.0 OK for: protobufjs@7.5.4 want: ^1.1.0
648 silly placeDep ROOT @protobufjs/utf8@1.1.0 OK for: protobufjs@7.5.4 want: ^1.1.0
649 silly placeDep ROOT @types/node@25.0.10 OK for: protobufjs@7.5.4 want: >=13.7.0
650 silly placeDep ROOT long@5.3.2 OK for: protobufjs@7.5.4 want: ^5.0.0
651 silly fetch manifest undici-types@~7.16.0
652 silly packumentCache full:https://registry.npmjs.org/undici-types cache-miss
653 http fetch GET 200 https://registry.npmjs.org/undici-types 209ms (cache miss)
654 silly packumentCache full:https://registry.npmjs.org/undici-types set size:undefined disposed:false
655 silly placeDep ROOT undici-types@7.16.0 OK for: @types/node@25.0.10 want: ~7.16.0
656 silly placeDep ROOT loose-envify@1.4.0 OK for: react@18.3.1 want: ^1.1.0
657 silly placeDep ROOT scheduler@0.23.2 OK for: react-dom@18.3.1 want: ^0.23.2
658 silly fetch manifest react@^16.0.0 || ^17.0.0 || ^18.0.0 || ^19.0.0
659 silly packumentCache full:https://registry.npmjs.org/react cache-miss
660 http cache https://registry.npmjs.org/react 38ms (cache hit)
661 silly packumentCache full:https://registry.npmjs.org/react set size:6410034 disposed:false
662 silly fetch manifest react-dom@^16.0.0 || ^17.0.0 || ^18.0.0 || ^19.0.0
663 silly packumentCache full:https://registry.npmjs.org/react-dom cache-miss
664 http cache https://registry.npmjs.org/react-dom 63ms (cache hit)
665 silly packumentCache full:https://registry.npmjs.org/react-dom set size:8456476 disposed:false
666 silly placeDep ROOT clsx@2.1.1 OK for: recharts@2.15.4 want: ^2.0.0
667 silly placeDep ROOT eventemitter3@4.0.7 OK for: recharts@2.15.4 want: ^4.0.1
668 silly placeDep ROOT lodash@4.17.23 OK for: recharts@2.15.4 want: ^4.17.21
669 silly placeDep ROOT react-is@18.3.1 OK for: recharts@2.15.4 want: ^18.3.1
670 silly placeDep ROOT react-smooth@4.0.4 OK for: recharts@2.15.4 want: ^4.0.4
671 silly placeDep ROOT recharts-scale@0.4.5 OK for: recharts@2.15.4 want: ^0.4.4
672 silly placeDep ROOT tiny-invariant@1.3.3 OK for: recharts@2.15.4 want: ^1.3.1
673 silly placeDep ROOT victory-vendor@36.9.2 OK for: recharts@2.15.4 want: ^36.6.8
674 silly fetch manifest fast-equals@^5.0.1
675 silly packumentCache full:https://registry.npmjs.org/fast-equals cache-miss
676 silly fetch manifest prop-types@^15.8.1
677 silly packumentCache full:https://registry.npmjs.org/prop-types cache-miss
678 silly fetch manifest react-transition-group@^4.4.5
679 silly packumentCache full:https://registry.npmjs.org/react-transition-group cache-miss
680 http fetch GET 200 https://registry.npmjs.org/prop-types 231ms (cache miss)
681 silly packumentCache full:https://registry.npmjs.org/prop-types set size:undefined disposed:false
682 silly fetch manifest decimal.js-light@^2.4.1
683 silly packumentCache full:https://registry.npmjs.org/decimal.js-light cache-miss
684 http fetch GET 200 https://registry.npmjs.org/fast-equals 248ms (cache miss)
685 silly packumentCache full:https://registry.npmjs.org/fast-equals set size:undefined disposed:false
686 silly fetch manifest d3-ease@^3.0.1
687 silly packumentCache full:https://registry.npmjs.org/d3-ease cache-miss
688 http fetch GET 200 https://registry.npmjs.org/react-transition-group 261ms (cache miss)
689 silly packumentCache full:https://registry.npmjs.org/react-transition-group set size:undefined disposed:false
690 silly fetch manifest d3-time@^3.0.0
691 silly packumentCache full:https://registry.npmjs.org/d3-time cache-miss
692 http fetch GET 200 https://registry.npmjs.org/d3-time 197ms (cache miss)
693 silly packumentCache full:https://registry.npmjs.org/d3-time set size:undefined disposed:false
694 silly fetch manifest d3-array@^3.1.6
695 silly packumentCache full:https://registry.npmjs.org/d3-array cache-miss
696 http fetch GET 200 https://registry.npmjs.org/decimal.js-light 250ms (cache miss)
697 silly packumentCache full:https://registry.npmjs.org/decimal.js-light set size:undefined disposed:false
698 silly fetch manifest d3-scale@^4.0.2
699 silly packumentCache full:https://registry.npmjs.org/d3-scale cache-miss
700 http fetch GET 200 https://registry.npmjs.org/d3-array 237ms (cache miss)
701 silly packumentCache full:https://registry.npmjs.org/d3-array set size:undefined disposed:false
702 silly fetch manifest d3-shape@^3.1.0
703 silly packumentCache full:https://registry.npmjs.org/d3-shape cache-miss
704 http fetch GET 200 https://registry.npmjs.org/d3-scale 232ms (cache miss)
705 silly packumentCache full:https://registry.npmjs.org/d3-scale set size:undefined disposed:false
706 silly fetch manifest d3-timer@^3.0.1
707 silly packumentCache full:https://registry.npmjs.org/d3-timer cache-miss
708 http fetch GET 200 https://registry.npmjs.org/d3-ease 491ms (cache miss)
709 silly packumentCache full:https://registry.npmjs.org/d3-ease set size:undefined disposed:false
710 silly fetch manifest @types/d3-ease@^3.0.0
711 silly packumentCache full:https://registry.npmjs.org/@types%2fd3-ease cache-miss
712 http fetch GET 200 https://registry.npmjs.org/d3-timer 215ms (cache miss)
713 silly packumentCache full:https://registry.npmjs.org/d3-timer set size:undefined disposed:false
714 silly fetch manifest @types/d3-time@^3.0.0
715 silly packumentCache full:https://registry.npmjs.org/@types%2fd3-time cache-miss
716 http fetch GET 200 https://registry.npmjs.org/d3-shape 231ms (cache miss)
717 silly packumentCache full:https://registry.npmjs.org/d3-shape set size:undefined disposed:false
718 silly fetch manifest d3-interpolate@^3.0.1
719 silly packumentCache full:https://registry.npmjs.org/d3-interpolate cache-miss
720 http fetch GET 200 https://registry.npmjs.org/@types%2fd3-ease 197ms (cache miss)
721 silly packumentCache full:https://registry.npmjs.org/@types%2fd3-ease set size:undefined disposed:false
722 silly fetch manifest @types/d3-array@^3.0.3
723 silly packumentCache full:https://registry.npmjs.org/@types%2fd3-array cache-miss
724 http fetch GET 200 https://registry.npmjs.org/@types%2fd3-time 222ms (cache miss)
725 silly packumentCache full:https://registry.npmjs.org/@types%2fd3-time set size:undefined disposed:false
726 silly fetch manifest @types/d3-scale@^4.0.2
727 silly packumentCache full:https://registry.npmjs.org/@types%2fd3-scale cache-miss
728 http fetch GET 200 https://registry.npmjs.org/d3-interpolate 227ms (cache miss)
729 silly packumentCache full:https://registry.npmjs.org/d3-interpolate set size:undefined disposed:false
730 silly fetch manifest @types/d3-shape@^3.1.0
731 silly packumentCache full:https://registry.npmjs.org/@types%2fd3-shape cache-miss
732 http fetch GET 200 https://registry.npmjs.org/@types%2fd3-array 234ms (cache miss)
733 silly packumentCache full:https://registry.npmjs.org/@types%2fd3-array set size:undefined disposed:false
734 silly fetch manifest @types/d3-timer@^3.0.0
735 silly packumentCache full:https://registry.npmjs.org/@types%2fd3-timer cache-miss
736 http fetch GET 200 https://registry.npmjs.org/@types%2fd3-scale 234ms (cache miss)
737 silly packumentCache full:https://registry.npmjs.org/@types%2fd3-scale set size:undefined disposed:false
738 silly fetch manifest @types/d3-interpolate@^3.0.1
739 silly packumentCache full:https://registry.npmjs.org/@types%2fd3-interpolate cache-miss
740 http fetch GET 200 https://registry.npmjs.org/@types%2fd3-shape 239ms (cache miss)
741 silly packumentCache full:https://registry.npmjs.org/@types%2fd3-shape set size:undefined disposed:false
742 http fetch GET 200 https://registry.npmjs.org/@types%2fd3-timer 234ms (cache miss)
743 silly packumentCache full:https://registry.npmjs.org/@types%2fd3-timer set size:undefined disposed:false
744 http fetch GET 200 https://registry.npmjs.org/@types%2fd3-interpolate 210ms (cache miss)
745 silly packumentCache full:https://registry.npmjs.org/@types%2fd3-interpolate set size:undefined disposed:false
746 silly fetch manifest react@^16.8.0 || ^17.0.0 || ^18.0.0 || ^19.0.0
747 silly packumentCache full:https://registry.npmjs.org/react cache-miss
748 http cache https://registry.npmjs.org/react 20ms (cache hit)
749 silly packumentCache full:https://registry.npmjs.org/react set size:6410034 disposed:false
750 silly fetch manifest react-dom@^16.8.0 || ^17.0.0 || ^18.0.0 || ^19.0.0
751 silly packumentCache full:https://registry.npmjs.org/react-dom cache-miss
752 http cache https://registry.npmjs.org/react-dom 61ms (cache hit)
753 silly packumentCache full:https://registry.npmjs.org/react-dom set size:8456476 disposed:false
754 silly placeDep ROOT fast-equals@5.4.0 OK for: react-smooth@4.0.4 want: ^5.0.1
755 silly placeDep ROOT prop-types@15.8.1 OK for: react-smooth@4.0.4 want: ^15.8.1
756 silly placeDep ROOT react-transition-group@4.4.5 OK for: react-smooth@4.0.4 want: ^4.4.5
757 silly fetch manifest object-assign@^4.1.1
758 silly packumentCache full:https://registry.npmjs.org/object-assign cache-miss
759 silly fetch manifest react-is@^16.13.1
760 silly packumentCache full:https://registry.npmjs.org/react-is cache-miss
761 silly fetch manifest @babel/runtime@^7.5.5
762 silly packumentCache full:https://registry.npmjs.org/@babel%2fruntime cache-miss
763 http cache https://registry.npmjs.org/react-is 64ms (cache hit)
764 silly packumentCache full:https://registry.npmjs.org/react-is set size:5193438 disposed:false
765 silly fetch manifest dom-helpers@^5.0.1
766 silly packumentCache full:https://registry.npmjs.org/dom-helpers cache-miss
767 http fetch GET 200 https://registry.npmjs.org/object-assign 233ms (cache miss)
768 silly packumentCache full:https://registry.npmjs.org/object-assign set size:undefined disposed:false
769 http fetch GET 200 https://registry.npmjs.org/dom-helpers 193ms (cache miss)
770 silly packumentCache full:https://registry.npmjs.org/dom-helpers set size:undefined disposed:false
771 http fetch GET 200 https://registry.npmjs.org/@babel%2fruntime 353ms (cache miss)
772 silly packumentCache full:https://registry.npmjs.org/@babel%2fruntime set size:undefined disposed:false
773 silly placeDep ROOT object-assign@4.1.1 OK for: prop-types@15.8.1 want: ^4.1.1
774 silly placeDep node_modules/prop-types react-is@16.13.1 OK for: prop-types@15.8.1 want: ^16.13.1
775 silly placeDep ROOT @babel/runtime@7.28.6 OK for: react-transition-group@4.4.5 want: ^7.5.5
776 silly placeDep ROOT dom-helpers@5.2.1 OK for: react-transition-group@4.4.5 want: ^5.0.1
777 silly placeDep ROOT decimal.js-light@2.5.1 OK for: recharts-scale@0.4.5 want: ^2.4.1
778 silly placeDep ROOT glob@10.5.0 OK for: rimraf@5.0.10 want: ^10.3.7
779 silly fetch manifest minipass@^7.1.2
780 silly packumentCache full:https://registry.npmjs.org/minipass cache-miss
781 silly fetch manifest jackspeak@^3.1.2
782 silly packumentCache full:https://registry.npmjs.org/jackspeak cache-miss
783 silly fetch manifest minimatch@^9.0.4
784 silly packumentCache full:https://registry.npmjs.org/minimatch cache-miss
785 http fetch GET 200 https://registry.npmjs.org/jackspeak 194ms (cache miss)
786 silly packumentCache full:https://registry.npmjs.org/jackspeak set size:undefined disposed:false
787 silly fetch manifest path-scurry@^1.11.1
788 silly packumentCache full:https://registry.npmjs.org/path-scurry cache-miss
789 http fetch GET 200 https://registry.npmjs.org/minipass 240ms (cache miss)
790 silly packumentCache full:https://registry.npmjs.org/minipass set size:undefined disposed:false
791 silly fetch manifest foreground-child@^3.1.0
792 silly packumentCache full:https://registry.npmjs.org/foreground-child cache-miss
793 http fetch GET 200 https://registry.npmjs.org/minimatch 254ms (cache miss)
794 silly packumentCache full:https://registry.npmjs.org/minimatch set size:undefined disposed:false
795 silly fetch manifest package-json-from-dist@^1.0.0
796 silly packumentCache full:https://registry.npmjs.org/package-json-from-dist cache-miss
797 http fetch GET 200 https://registry.npmjs.org/foreground-child 188ms (cache miss)
798 silly packumentCache full:https://registry.npmjs.org/foreground-child set size:undefined disposed:false
799 http fetch GET 200 https://registry.npmjs.org/package-json-from-dist 182ms (cache miss)
800 silly packumentCache full:https://registry.npmjs.org/package-json-from-dist set size:undefined disposed:false
801 http fetch GET 200 https://registry.npmjs.org/path-scurry 247ms (cache miss)
802 silly packumentCache full:https://registry.npmjs.org/path-scurry set size:undefined disposed:false
803 silly placeDep ROOT foreground-child@3.3.1 OK for: glob@10.5.0 want: ^3.1.0
804 silly placeDep ROOT jackspeak@3.4.3 OK for: glob@10.5.0 want: ^3.1.2
805 silly placeDep ROOT minimatch@9.0.5 OK for: glob@10.5.0 want: ^9.0.4
806 silly placeDep ROOT minipass@7.1.2 OK for: glob@10.5.0 want: ^7.1.2
807 silly placeDep ROOT package-json-from-dist@1.0.1 OK for: glob@10.5.0 want: ^1.0.0
808 silly placeDep ROOT path-scurry@1.11.1 OK for: glob@10.5.0 want: ^1.11.1
809 silly fetch manifest cross-spawn@^7.0.6
810 silly packumentCache full:https://registry.npmjs.org/cross-spawn cache-miss
811 silly fetch manifest signal-exit@^4.0.1
812 silly packumentCache full:https://registry.npmjs.org/signal-exit cache-miss
813 silly fetch manifest @isaacs/cliui@^8.0.2
814 silly packumentCache full:https://registry.npmjs.org/@isaacs%2fcliui cache-miss
815 http fetch GET 200 https://registry.npmjs.org/signal-exit 216ms (cache miss)
816 silly packumentCache full:https://registry.npmjs.org/signal-exit set size:undefined disposed:false
817 silly fetch manifest @pkgjs/parseargs@^0.11.0
818 silly packumentCache full:https://registry.npmjs.org/@pkgjs%2fparseargs cache-miss
819 http fetch GET 200 https://registry.npmjs.org/cross-spawn 218ms (cache miss)
820 silly packumentCache full:https://registry.npmjs.org/cross-spawn set size:undefined disposed:false
821 silly fetch manifest brace-expansion@^2.0.1
822 silly packumentCache full:https://registry.npmjs.org/brace-expansion cache-miss
823 http fetch GET 200 https://registry.npmjs.org/@isaacs%2fcliui 239ms (cache miss)
824 silly packumentCache full:https://registry.npmjs.org/@isaacs%2fcliui set size:undefined disposed:false
825 silly fetch manifest lru-cache@^10.2.0
826 silly packumentCache full:https://registry.npmjs.org/lru-cache cache-miss
827 http cache https://registry.npmjs.org/lru-cache 10ms (cache hit)
828 silly packumentCache full:https://registry.npmjs.org/lru-cache set size:410669 disposed:false
829 http fetch GET 200 https://registry.npmjs.org/brace-expansion 201ms (cache miss)
830 silly packumentCache full:https://registry.npmjs.org/brace-expansion set size:undefined disposed:false
831 http fetch GET 200 https://registry.npmjs.org/@pkgjs%2fparseargs 216ms (cache miss)
832 silly packumentCache full:https://registry.npmjs.org/@pkgjs%2fparseargs set size:undefined disposed:false
833 silly placeDep ROOT cross-spawn@7.0.6 OK for: foreground-child@3.3.1 want: ^7.0.6
834 silly placeDep ROOT signal-exit@4.1.0 OK for: foreground-child@3.3.1 want: ^4.0.1
835 silly fetch manifest which@^2.0.1
836 silly packumentCache full:https://registry.npmjs.org/which cache-miss
837 silly fetch manifest path-key@^3.1.0
838 silly packumentCache full:https://registry.npmjs.org/path-key cache-miss
839 silly fetch manifest shebang-command@^2.0.0
840 silly packumentCache full:https://registry.npmjs.org/shebang-command cache-miss
841 http fetch GET 200 https://registry.npmjs.org/path-key 207ms (cache miss)
842 silly packumentCache full:https://registry.npmjs.org/path-key set size:undefined disposed:false
843 http fetch GET 200 https://registry.npmjs.org/shebang-command 208ms (cache miss)
844 silly packumentCache full:https://registry.npmjs.org/shebang-command set size:undefined disposed:false
845 http fetch GET 200 https://registry.npmjs.org/which 212ms (cache miss)
846 silly packumentCache full:https://registry.npmjs.org/which set size:undefined disposed:false
847 silly placeDep ROOT path-key@3.1.1 OK for: cross-spawn@7.0.6 want: ^3.1.0
848 silly placeDep ROOT shebang-command@2.0.0 OK for: cross-spawn@7.0.6 want: ^2.0.0
849 silly placeDep ROOT which@2.0.2 OK for: cross-spawn@7.0.6 want: ^2.0.1
850 silly fetch manifest shebang-regex@^3.0.0
851 silly packumentCache full:https://registry.npmjs.org/shebang-regex cache-miss
852 silly fetch manifest isexe@^2.0.0
853 silly packumentCache full:https://registry.npmjs.org/isexe cache-miss
854 http fetch GET 200 https://registry.npmjs.org/shebang-regex 192ms (cache miss)
855 silly packumentCache full:https://registry.npmjs.org/shebang-regex set size:undefined disposed:false
856 http fetch GET 200 https://registry.npmjs.org/isexe 203ms (cache miss)
857 silly packumentCache full:https://registry.npmjs.org/isexe set size:undefined disposed:false
858 silly placeDep ROOT @isaacs/cliui@8.0.2 OK for: jackspeak@3.4.3 want: ^8.0.2
859 silly placeDep ROOT @pkgjs/parseargs@0.11.0 OK for: jackspeak@3.4.3 want: ^0.11.0
860 silly fetch manifest string-width@^5.1.2
861 silly packumentCache full:https://registry.npmjs.org/string-width cache-miss
862 silly fetch manifest string-width-cjs@npm:string-width@^4.2.0
863 silly packumentCache full:https://registry.npmjs.org/string-width cache-miss
864 silly fetch manifest strip-ansi@^7.0.1
865 silly packumentCache full:https://registry.npmjs.org/strip-ansi cache-miss
866 http fetch GET 200 https://registry.npmjs.org/string-width 221ms (cache miss)
867 silly packumentCache full:https://registry.npmjs.org/string-width set size:undefined disposed:false
868 silly fetch manifest strip-ansi-cjs@npm:strip-ansi@^6.0.1
869 silly packumentCache full:https://registry.npmjs.org/strip-ansi cache-miss
870 http fetch GET 200 https://registry.npmjs.org/string-width 225ms (cache miss)
871 silly packumentCache full:https://registry.npmjs.org/string-width set size:undefined disposed:false
872 silly fetch manifest wrap-ansi@^8.1.0
873 silly packumentCache full:https://registry.npmjs.org/wrap-ansi cache-miss
874 http fetch GET 200 https://registry.npmjs.org/strip-ansi 231ms (cache miss)
875 silly packumentCache full:https://registry.npmjs.org/strip-ansi set size:undefined disposed:false
876 silly fetch manifest wrap-ansi-cjs@npm:wrap-ansi@^7.0.0
877 silly packumentCache full:https://registry.npmjs.org/wrap-ansi cache-miss
878 http fetch GET 200 https://registry.npmjs.org/strip-ansi 285ms (cache miss)
879 silly packumentCache full:https://registry.npmjs.org/strip-ansi set size:undefined disposed:false
880 http fetch GET 200 https://registry.npmjs.org/wrap-ansi 285ms (cache miss)
881 silly packumentCache full:https://registry.npmjs.org/wrap-ansi set size:undefined disposed:false
882 http fetch GET 200 https://registry.npmjs.org/wrap-ansi 280ms (cache miss)
883 silly packumentCache full:https://registry.npmjs.org/wrap-ansi set size:undefined disposed:false
884 silly placeDep ROOT string-width@5.1.2 OK for: @isaacs/cliui@8.0.2 want: ^5.1.2
885 silly placeDep ROOT string-width-cjs@4.2.3 OK for: @isaacs/cliui@8.0.2 want: npm:string-width@^4.2.0
886 silly placeDep ROOT strip-ansi@7.1.2 OK for: @isaacs/cliui@8.0.2 want: ^7.0.1
887 silly placeDep ROOT strip-ansi-cjs@6.0.1 OK for: @isaacs/cliui@8.0.2 want: npm:strip-ansi@^6.0.1
888 silly placeDep ROOT wrap-ansi@8.1.0 OK for: @isaacs/cliui@8.0.2 want: ^8.1.0
889 silly placeDep ROOT wrap-ansi-cjs@7.0.0 OK for: @isaacs/cliui@8.0.2 want: npm:wrap-ansi@^7.0.0
890 silly fetch manifest emoji-regex@^9.2.2
891 silly packumentCache full:https://registry.npmjs.org/emoji-regex cache-miss
892 silly fetch manifest eastasianwidth@^0.2.0
893 silly packumentCache full:https://registry.npmjs.org/eastasianwidth cache-miss
894 silly fetch manifest strip-ansi@^6.0.1
895 silly packumentCache full:https://registry.npmjs.org/strip-ansi cache-miss
896 http cache https://registry.npmjs.org/strip-ansi 6ms (cache hit)
897 silly packumentCache full:https://registry.npmjs.org/strip-ansi set size:41855 disposed:false
898 silly fetch manifest emoji-regex@^8.0.0
899 silly packumentCache full:https://registry.npmjs.org/emoji-regex cache-miss
900 http fetch GET 200 https://registry.npmjs.org/emoji-regex 208ms (cache miss)
901 silly packumentCache full:https://registry.npmjs.org/emoji-regex set size:undefined disposed:false
902 silly fetch manifest is-fullwidth-code-point@^3.0.0
903 silly packumentCache full:https://registry.npmjs.org/is-fullwidth-code-point cache-miss
904 http fetch GET 200 https://registry.npmjs.org/eastasianwidth 211ms (cache miss)
905 silly packumentCache full:https://registry.npmjs.org/eastasianwidth set size:undefined disposed:false
906 silly fetch manifest ansi-regex@^6.0.1
907 silly packumentCache full:https://registry.npmjs.org/ansi-regex cache-miss
908 http fetch GET 200 https://registry.npmjs.org/emoji-regex 212ms (cache miss)
909 silly packumentCache full:https://registry.npmjs.org/emoji-regex set size:undefined disposed:false
910 silly fetch manifest ansi-regex@^5.0.1
911 silly packumentCache full:https://registry.npmjs.org/ansi-regex cache-miss
912 http fetch GET 200 https://registry.npmjs.org/is-fullwidth-code-point 222ms (cache miss)
913 silly packumentCache full:https://registry.npmjs.org/is-fullwidth-code-point set size:undefined disposed:false
914 silly fetch manifest ansi-styles@^6.1.0
915 silly packumentCache full:https://registry.npmjs.org/ansi-styles cache-miss
916 http fetch GET 200 https://registry.npmjs.org/ansi-regex 215ms (cache miss)
917 silly packumentCache full:https://registry.npmjs.org/ansi-regex set size:undefined disposed:false
918 silly fetch manifest strip-ansi@^6.0.0
919 silly packumentCache full:https://registry.npmjs.org/strip-ansi cache-hit
920 silly fetch manifest ansi-styles@^4.0.0
921 silly packumentCache full:https://registry.npmjs.org/ansi-styles cache-miss
922 http fetch GET 200 https://registry.npmjs.org/ansi-regex 227ms (cache miss)
923 silly packumentCache full:https://registry.npmjs.org/ansi-regex set size:undefined disposed:false
924 silly fetch manifest string-width@^4.1.0
925 silly packumentCache full:https://registry.npmjs.org/string-width cache-miss
926 http cache https://registry.npmjs.org/string-width 4ms (cache hit)
927 silly packumentCache full:https://registry.npmjs.org/string-width set size:64158 disposed:false
928 http fetch GET 200 https://registry.npmjs.org/ansi-styles 225ms (cache miss)
929 silly packumentCache full:https://registry.npmjs.org/ansi-styles set size:undefined disposed:false
930 http fetch GET 200 https://registry.npmjs.org/ansi-styles 232ms (cache miss)
931 silly packumentCache full:https://registry.npmjs.org/ansi-styles set size:undefined disposed:false
932 silly placeDep ROOT brace-expansion@2.0.2 OK for: minimatch@9.0.5 want: ^2.0.1
933 silly fetch manifest balanced-match@^1.0.0
934 silly packumentCache full:https://registry.npmjs.org/balanced-match cache-miss
935 http fetch GET 200 https://registry.npmjs.org/balanced-match 205ms (cache miss)
936 silly packumentCache full:https://registry.npmjs.org/balanced-match set size:undefined disposed:false
937 silly placeDep ROOT balanced-match@1.0.2 OK for: brace-expansion@2.0.2 want: ^1.0.0
938 silly placeDep node_modules/path-scurry lru-cache@10.4.3 OK for: path-scurry@1.11.1 want: ^10.2.0
939 silly placeDep ROOT shebang-regex@3.0.0 OK for: shebang-command@2.0.0 want: ^3.0.0
940 silly placeDep ROOT eastasianwidth@0.2.0 OK for: string-width@5.1.2 want: ^0.2.0
941 silly placeDep ROOT emoji-regex@9.2.2 OK for: string-width@5.1.2 want: ^9.2.2
942 silly placeDep node_modules/string-width-cjs emoji-regex@8.0.0 OK for: string-width@4.2.3 want: ^8.0.0
943 silly placeDep ROOT is-fullwidth-code-point@3.0.0 OK for: string-width@4.2.3 want: ^3.0.0
944 silly placeDep node_modules/string-width-cjs strip-ansi@6.0.1 OK for: string-width@4.2.3 want: ^6.0.1
945 silly placeDep ROOT ansi-regex@6.2.2 OK for: strip-ansi@7.1.2 want: ^6.0.1
946 silly placeDep node_modules/strip-ansi-cjs ansi-regex@5.0.1 OK for: strip-ansi@6.0.1 want: ^5.0.1
947 silly placeDep ROOT escalade@3.2.0 OK for: update-browserslist-db@1.2.3 want: ^3.2.0
948 silly placeDep ROOT @types/d3-array@3.2.2 OK for: victory-vendor@36.9.2 want: ^3.0.3
949 silly placeDep ROOT @types/d3-ease@3.0.2 OK for: victory-vendor@36.9.2 want: ^3.0.0
950 silly placeDep ROOT @types/d3-interpolate@3.0.4 OK for: victory-vendor@36.9.2 want: ^3.0.1
951 silly placeDep ROOT @types/d3-scale@4.0.9 OK for: victory-vendor@36.9.2 want: ^4.0.2
952 silly placeDep ROOT @types/d3-shape@3.1.8 OK for: victory-vendor@36.9.2 want: ^3.1.0
953 silly placeDep ROOT @types/d3-time@3.0.4 OK for: victory-vendor@36.9.2 want: ^3.0.0
954 silly placeDep ROOT @types/d3-timer@3.0.2 OK for: victory-vendor@36.9.2 want: ^3.0.0
955 silly placeDep ROOT d3-array@3.2.4 OK for: victory-vendor@36.9.2 want: ^3.1.6
956 silly placeDep ROOT d3-ease@3.0.1 OK for: victory-vendor@36.9.2 want: ^3.0.1
957 silly placeDep ROOT d3-interpolate@3.0.1 OK for: victory-vendor@36.9.2 want: ^3.0.1
958 silly placeDep ROOT d3-scale@4.0.2 OK for: victory-vendor@36.9.2 want: ^4.0.2
959 silly placeDep ROOT d3-shape@3.2.0 OK for: victory-vendor@36.9.2 want: ^3.1.0
960 silly placeDep ROOT d3-time@3.1.0 OK for: victory-vendor@36.9.2 want: ^3.0.0
961 silly placeDep ROOT d3-timer@3.0.1 OK for: victory-vendor@36.9.2 want: ^3.0.1
962 silly fetch manifest @types/d3-color@*
963 silly packumentCache full:https://registry.npmjs.org/@types%2fd3-color cache-miss
964 silly fetch manifest @types/d3-time@*
965 silly packumentCache full:https://registry.npmjs.org/@types%2fd3-time cache-miss
966 silly fetch manifest @types/d3-path@*
967 silly packumentCache full:https://registry.npmjs.org/@types%2fd3-path cache-miss
968 http cache https://registry.npmjs.org/@types%2fd3-time 15ms (cache hit)
969 silly packumentCache full:https://registry.npmjs.org/@types%2fd3-time set size:52652 disposed:false
970 silly fetch manifest internmap@1 - 2
971 silly packumentCache full:https://registry.npmjs.org/internmap cache-miss
972 http fetch GET 200 https://registry.npmjs.org/@types%2fd3-color 203ms (cache miss)
973 silly packumentCache full:https://registry.npmjs.org/@types%2fd3-color set size:undefined disposed:false
974 silly fetch manifest d3-color@1 - 3
975 silly packumentCache full:https://registry.npmjs.org/d3-color cache-miss
976 http fetch GET 200 https://registry.npmjs.org/internmap 189ms (cache miss)
977 silly packumentCache full:https://registry.npmjs.org/internmap set size:undefined disposed:false
978 silly fetch manifest d3-format@1 - 3
979 silly packumentCache full:https://registry.npmjs.org/d3-format cache-miss
980 http fetch GET 200 https://registry.npmjs.org/@types%2fd3-path 216ms (cache miss)
981 silly packumentCache full:https://registry.npmjs.org/@types%2fd3-path set size:undefined disposed:false
982 silly fetch manifest d3-time@2.1.1 - 3
983 silly packumentCache full:https://registry.npmjs.org/d3-time cache-miss
984 http cache https://registry.npmjs.org/d3-time 4ms (cache hit)
985 silly packumentCache full:https://registry.npmjs.org/d3-time set size:150406 disposed:false
986 silly fetch manifest d3-time-format@2 - 4
987 silly packumentCache full:https://registry.npmjs.org/d3-time-format cache-miss
988 http fetch GET 200 https://registry.npmjs.org/d3-color 231ms (cache miss)
989 silly packumentCache full:https://registry.npmjs.org/d3-color set size:undefined disposed:false
990 silly fetch manifest d3-path@^3.1.0
991 silly packumentCache full:https://registry.npmjs.org/d3-path cache-miss
992 http fetch GET 200 https://registry.npmjs.org/d3-format 238ms (cache miss)
993 silly packumentCache full:https://registry.npmjs.org/d3-format set size:undefined disposed:false
994 http fetch GET 200 https://registry.npmjs.org/d3-time-format 257ms (cache miss)
995 silly packumentCache full:https://registry.npmjs.org/d3-time-format set size:undefined disposed:false
996 http fetch GET 200 https://registry.npmjs.org/d3-path 222ms (cache miss)
997 silly packumentCache full:https://registry.npmjs.org/d3-path set size:undefined disposed:false
998 silly placeDep ROOT @types/d3-color@3.1.3 OK for: @types/d3-interpolate@3.0.4 want: *
999 silly placeDep ROOT @types/d3-path@3.1.1 OK for: @types/d3-shape@3.1.8 want: *
1000 silly placeDep ROOT internmap@2.0.3 OK for: d3-array@3.2.4 want: 1 - 2
1001 silly placeDep ROOT d3-color@3.1.0 OK for: d3-interpolate@3.0.1 want: 1 - 3
1002 silly placeDep ROOT d3-format@3.1.2 OK for: d3-scale@4.0.2 want: 1 - 3
1003 silly placeDep ROOT d3-time-format@4.1.0 OK for: d3-scale@4.0.2 want: 2 - 4
1004 silly placeDep ROOT d3-path@3.1.0 OK for: d3-shape@3.2.0 want: ^3.1.0
1005 silly placeDep ROOT esbuild@0.21.5 OK for: vite@5.4.21 want: ^0.21.3
1006 silly placeDep ROOT fsevents@2.3.3 OK for: vite@5.4.21 want: ~2.3.3
1007 silly placeDep ROOT postcss@8.5.6 OK for: vite@5.4.21 want: ^8.4.43
1008 silly placeDep ROOT rollup@4.56.0 OK for: vite@5.4.21 want: ^4.20.0
1009 silly fetch manifest @esbuild/aix-ppc64@0.21.5
1010 silly packumentCache full:https://registry.npmjs.org/@esbuild%2faix-ppc64 cache-miss
1011 silly fetch manifest @esbuild/linux-arm@0.21.5
1012 silly packumentCache full:https://registry.npmjs.org/@esbuild%2flinux-arm cache-miss
1013 silly fetch manifest @esbuild/linux-x64@0.21.5
1014 silly packumentCache full:https://registry.npmjs.org/@esbuild%2flinux-x64 cache-miss
1015 http fetch GET 200 https://registry.npmjs.org/@esbuild%2flinux-arm 229ms (cache miss)
1016 silly packumentCache full:https://registry.npmjs.org/@esbuild%2flinux-arm set size:undefined disposed:false
1017 silly fetch manifest @esbuild/sunos-x64@0.21.5
1018 silly packumentCache full:https://registry.npmjs.org/@esbuild%2fsunos-x64 cache-miss
1019 http fetch GET 200 https://registry.npmjs.org/@esbuild%2faix-ppc64 239ms (cache miss)
1020 silly packumentCache full:https://registry.npmjs.org/@esbuild%2faix-ppc64 set size:undefined disposed:false
1021 silly fetch manifest @esbuild/win32-x64@0.21.5
1022 silly packumentCache full:https://registry.npmjs.org/@esbuild%2fwin32-x64 cache-miss
1023 http fetch GET 200 https://registry.npmjs.org/@esbuild%2flinux-x64 243ms (cache miss)
1024 silly packumentCache full:https://registry.npmjs.org/@esbuild%2flinux-x64 set size:undefined disposed:false
1025 silly fetch manifest @esbuild/darwin-x64@0.21.5
1026 silly packumentCache full:https://registry.npmjs.org/@esbuild%2fdarwin-x64 cache-miss
1027 http fetch GET 200 https://registry.npmjs.org/@esbuild%2fsunos-x64 279ms (cache miss)
1028 silly packumentCache full:https://registry.npmjs.org/@esbuild%2fsunos-x64 set size:undefined disposed:false
1029 silly fetch manifest @esbuild/linux-ia32@0.21.5
1030 silly packumentCache full:https://registry.npmjs.org/@esbuild%2flinux-ia32 cache-miss
1031 http fetch GET 200 https://registry.npmjs.org/@esbuild%2fwin32-x64 272ms (cache miss)
1032 silly packumentCache full:https://registry.npmjs.org/@esbuild%2fwin32-x64 set size:undefined disposed:false
1033 silly fetch manifest @esbuild/netbsd-x64@0.21.5
1034 silly packumentCache full:https://registry.npmjs.org/@esbuild%2fnetbsd-x64 cache-miss
1035 http fetch GET 200 https://registry.npmjs.org/@esbuild%2fdarwin-x64 278ms (cache miss)
1036 silly packumentCache full:https://registry.npmjs.org/@esbuild%2fdarwin-x64 set size:undefined disposed:false
1037 silly fetch manifest @esbuild/win32-ia32@0.21.5
1038 silly packumentCache full:https://registry.npmjs.org/@esbuild%2fwin32-ia32 cache-miss
1039 http fetch GET 200 https://registry.npmjs.org/@esbuild%2fnetbsd-x64 298ms (cache miss)
1040 silly packumentCache full:https://registry.npmjs.org/@esbuild%2fnetbsd-x64 set size:undefined disposed:false
1041 silly fetch manifest @esbuild/android-arm@0.21.5
1042 silly packumentCache full:https://registry.npmjs.org/@esbuild%2fandroid-arm cache-miss
1043 http fetch GET 200 https://registry.npmjs.org/@esbuild%2flinux-ia32 306ms (cache miss)
1044 silly packumentCache full:https://registry.npmjs.org/@esbuild%2flinux-ia32 set size:undefined disposed:false
1045 silly fetch manifest @esbuild/android-x64@0.21.5
1046 silly packumentCache full:https://registry.npmjs.org/@esbuild%2fandroid-x64 cache-miss
1047 http fetch GET 200 https://registry.npmjs.org/@esbuild%2fwin32-ia32 336ms (cache miss)
1048 silly packumentCache full:https://registry.npmjs.org/@esbuild%2fwin32-ia32 set size:undefined disposed:false
1049 silly fetch manifest @esbuild/freebsd-x64@0.21.5
1050 silly packumentCache full:https://registry.npmjs.org/@esbuild%2ffreebsd-x64 cache-miss
1051 http fetch GET 200 https://registry.npmjs.org/@esbuild%2fandroid-arm 233ms (cache miss)
1052 silly packumentCache full:https://registry.npmjs.org/@esbuild%2fandroid-arm set size:undefined disposed:false
1053 silly fetch manifest @esbuild/linux-arm64@0.21.5
1054 silly packumentCache full:https://registry.npmjs.org/@esbuild%2flinux-arm64 cache-miss
1055 http fetch GET 200 https://registry.npmjs.org/@esbuild%2fandroid-x64 249ms (cache miss)
1056 silly packumentCache full:https://registry.npmjs.org/@esbuild%2fandroid-x64 set size:undefined disposed:false
1057 silly fetch manifest @esbuild/linux-ppc64@0.21.5
1058 silly packumentCache full:https://registry.npmjs.org/@esbuild%2flinux-ppc64 cache-miss
1059 http fetch GET 200 https://registry.npmjs.org/@esbuild%2ffreebsd-x64 220ms (cache miss)
1060 silly packumentCache full:https://registry.npmjs.org/@esbuild%2ffreebsd-x64 set size:undefined disposed:false
1061 silly fetch manifest @esbuild/linux-s390x@0.21.5
1062 silly packumentCache full:https://registry.npmjs.org/@esbuild%2flinux-s390x cache-miss
1063 http fetch GET 200 https://registry.npmjs.org/@esbuild%2flinux-ppc64 297ms (cache miss)
1064 silly packumentCache full:https://registry.npmjs.org/@esbuild%2flinux-ppc64 set size:undefined disposed:false
1065 silly fetch manifest @esbuild/openbsd-x64@0.21.5
1066 silly packumentCache full:https://registry.npmjs.org/@esbuild%2fopenbsd-x64 cache-miss
1067 http fetch GET 200 https://registry.npmjs.org/@esbuild%2flinux-arm64 319ms (cache miss)
1068 silly packumentCache full:https://registry.npmjs.org/@esbuild%2flinux-arm64 set size:undefined disposed:false
1069 silly fetch manifest @esbuild/win32-arm64@0.21.5
1070 silly packumentCache full:https://registry.npmjs.org/@esbuild%2fwin32-arm64 cache-miss
1071 http fetch GET 200 https://registry.npmjs.org/@esbuild%2flinux-s390x 340ms (cache miss)
1072 silly packumentCache full:https://registry.npmjs.org/@esbuild%2flinux-s390x set size:undefined disposed:false
1073 silly fetch manifest @esbuild/darwin-arm64@0.21.5
1074 silly packumentCache full:https://registry.npmjs.org/@esbuild%2fdarwin-arm64 cache-miss
1075 http fetch GET 200 https://registry.npmjs.org/@esbuild%2fopenbsd-x64 256ms (cache miss)
1076 silly packumentCache full:https://registry.npmjs.org/@esbuild%2fopenbsd-x64 set size:undefined disposed:false
1077 silly fetch manifest @esbuild/android-arm64@0.21.5
1078 silly packumentCache full:https://registry.npmjs.org/@esbuild%2fandroid-arm64 cache-miss
1079 http fetch GET 200 https://registry.npmjs.org/@esbuild%2fwin32-arm64 254ms (cache miss)
1080 silly packumentCache full:https://registry.npmjs.org/@esbuild%2fwin32-arm64 set size:undefined disposed:false
1081 silly fetch manifest @esbuild/freebsd-arm64@0.21.5
1082 silly packumentCache full:https://registry.npmjs.org/@esbuild%2ffreebsd-arm64 cache-miss
1083 http fetch GET 200 https://registry.npmjs.org/@esbuild%2fdarwin-arm64 244ms (cache miss)
1084 silly packumentCache full:https://registry.npmjs.org/@esbuild%2fdarwin-arm64 set size:undefined disposed:false
1085 silly fetch manifest @esbuild/linux-loong64@0.21.5
1086 silly packumentCache full:https://registry.npmjs.org/@esbuild%2flinux-loong64 cache-miss
1087 http fetch GET 200 https://registry.npmjs.org/@esbuild%2fandroid-arm64 202ms (cache miss)
1088 silly packumentCache full:https://registry.npmjs.org/@esbuild%2fandroid-arm64 set size:undefined disposed:false
1089 silly fetch manifest @esbuild/linux-riscv64@0.21.5
1090 silly packumentCache full:https://registry.npmjs.org/@esbuild%2flinux-riscv64 cache-miss
1091 http fetch GET 200 https://registry.npmjs.org/@esbuild%2ffreebsd-arm64 219ms (cache miss)
1092 silly packumentCache full:https://registry.npmjs.org/@esbuild%2ffreebsd-arm64 set size:undefined disposed:false
1093 silly fetch manifest @esbuild/linux-mips64el@0.21.5
1094 silly packumentCache full:https://registry.npmjs.org/@esbuild%2flinux-mips64el cache-miss
1095 http fetch GET 200 https://registry.npmjs.org/@esbuild%2flinux-loong64 259ms (cache miss)
1096 silly packumentCache full:https://registry.npmjs.org/@esbuild%2flinux-loong64 set size:undefined disposed:false
1097 silly fetch manifest nanoid@^3.3.11
1098 silly packumentCache full:https://registry.npmjs.org/nanoid cache-miss
1099 http fetch GET 200 https://registry.npmjs.org/@esbuild%2flinux-riscv64 226ms (cache miss)
1100 silly packumentCache full:https://registry.npmjs.org/@esbuild%2flinux-riscv64 set size:undefined disposed:false
1101 silly fetch manifest source-map-js@^1.2.1
1102 silly packumentCache full:https://registry.npmjs.org/source-map-js cache-miss
1103 http fetch GET 200 https://registry.npmjs.org/@esbuild%2flinux-mips64el 262ms (cache miss)
1104 silly packumentCache full:https://registry.npmjs.org/@esbuild%2flinux-mips64el set size:undefined disposed:false
1105 silly fetch manifest @types/estree@1.0.8
1106 silly packumentCache full:https://registry.npmjs.org/@types%2festree cache-miss
1107 http fetch GET 200 https://registry.npmjs.org/nanoid 374ms (cache miss)
1108 silly packumentCache full:https://registry.npmjs.org/nanoid set size:undefined disposed:false
1109 silly fetch manifest @rollup/rollup-darwin-arm64@4.56.0
1110 silly packumentCache full:https://registry.npmjs.org/@rollup%2frollup-darwin-arm64 cache-miss
1111 http fetch GET 200 https://registry.npmjs.org/source-map-js 272ms (cache miss)
1112 silly packumentCache full:https://registry.npmjs.org/source-map-js set size:undefined disposed:false
1113 silly fetch manifest @rollup/rollup-android-arm64@4.56.0
1114 silly packumentCache full:https://registry.npmjs.org/@rollup%2frollup-android-arm64 cache-miss
1115 http fetch GET 200 https://registry.npmjs.org/@types%2festree 249ms (cache miss)
1116 silly packumentCache full:https://registry.npmjs.org/@types%2festree set size:undefined disposed:false
1117 silly fetch manifest @rollup/rollup-win32-arm64-msvc@4.56.0
1118 silly packumentCache full:https://registry.npmjs.org/@rollup%2frollup-win32-arm64-msvc cache-miss
1119 http fetch GET 200 https://registry.npmjs.org/@rollup%2frollup-android-arm64 241ms (cache miss)
1120 silly packumentCache full:https://registry.npmjs.org/@rollup%2frollup-android-arm64 set size:undefined disposed:false
1121 silly fetch manifest @rollup/rollup-freebsd-arm64@4.56.0
1122 silly packumentCache full:https://registry.npmjs.org/@rollup%2frollup-freebsd-arm64 cache-miss
1123 http fetch GET 200 https://registry.npmjs.org/@rollup%2frollup-darwin-arm64 291ms (cache miss)
1124 silly packumentCache full:https://registry.npmjs.org/@rollup%2frollup-darwin-arm64 set size:undefined disposed:false
1125 silly fetch manifest @rollup/rollup-linux-arm64-gnu@4.56.0
1126 silly packumentCache full:https://registry.npmjs.org/@rollup%2frollup-linux-arm64-gnu cache-miss
1127 http fetch GET 200 https://registry.npmjs.org/@rollup%2frollup-win32-arm64-msvc 295ms (cache miss)
1128 silly packumentCache full:https://registry.npmjs.org/@rollup%2frollup-win32-arm64-msvc set size:undefined disposed:false
1129 silly fetch manifest @rollup/rollup-linux-arm64-musl@4.56.0
1130 silly packumentCache full:https://registry.npmjs.org/@rollup%2frollup-linux-arm64-musl cache-miss
1131 http fetch GET 200 https://registry.npmjs.org/@rollup%2frollup-freebsd-arm64 318ms (cache miss)
1132 silly packumentCache full:https://registry.npmjs.org/@rollup%2frollup-freebsd-arm64 set size:undefined disposed:false
1133 silly fetch manifest @rollup/rollup-android-arm-eabi@4.56.0
1134 silly packumentCache full:https://registry.npmjs.org/@rollup%2frollup-android-arm-eabi cache-miss
1135 http fetch GET 200 https://registry.npmjs.org/@rollup%2frollup-linux-arm64-gnu 327ms (cache miss)
1136 silly packumentCache full:https://registry.npmjs.org/@rollup%2frollup-linux-arm64-gnu set size:undefined disposed:false
1137 silly fetch manifest @rollup/rollup-linux-arm-gnueabihf@4.56.0
1138 silly packumentCache full:https://registry.npmjs.org/@rollup%2frollup-linux-arm-gnueabihf cache-miss
1139 http fetch GET 200 https://registry.npmjs.org/@rollup%2frollup-linux-arm64-musl 568ms (cache miss)
1140 silly packumentCache full:https://registry.npmjs.org/@rollup%2frollup-linux-arm64-musl set size:undefined disposed:false
1141 silly fetch manifest @rollup/rollup-linux-arm-musleabihf@4.56.0
1142 silly packumentCache full:https://registry.npmjs.org/@rollup%2frollup-linux-arm-musleabihf cache-miss
1143 http fetch GET 200 https://registry.npmjs.org/@rollup%2frollup-android-arm-eabi 917ms (cache miss)
1144 silly packumentCache full:https://registry.npmjs.org/@rollup%2frollup-android-arm-eabi set size:undefined disposed:false
1145 silly fetch manifest @rollup/rollup-win32-ia32-msvc@4.56.0
1146 silly packumentCache full:https://registry.npmjs.org/@rollup%2frollup-win32-ia32-msvc cache-miss
1147 http fetch GET 200 https://registry.npmjs.org/@rollup%2frollup-linux-arm-gnueabihf 1018ms (cache miss)
1148 silly packumentCache full:https://registry.npmjs.org/@rollup%2frollup-linux-arm-gnueabihf set size:undefined disposed:false
1149 silly fetch manifest @rollup/rollup-linux-loong64-gnu@4.56.0
1150 silly packumentCache full:https://registry.npmjs.org/@rollup%2frollup-linux-loong64-gnu cache-miss
1151 http fetch GET 200 https://registry.npmjs.org/@rollup%2frollup-linux-arm-musleabihf 1032ms (cache miss)
1152 silly packumentCache full:https://registry.npmjs.org/@rollup%2frollup-linux-arm-musleabihf set size:undefined disposed:false
1153 silly fetch manifest @rollup/rollup-linux-loong64-musl@4.56.0
1154 silly packumentCache full:https://registry.npmjs.org/@rollup%2frollup-linux-loong64-musl cache-miss
1155 http fetch GET 200 https://registry.npmjs.org/@rollup%2frollup-win32-ia32-msvc 701ms (cache miss)
1156 silly packumentCache full:https://registry.npmjs.org/@rollup%2frollup-win32-ia32-msvc set size:undefined disposed:false
1157 silly fetch manifest @rollup/rollup-linux-riscv64-gnu@4.56.0
1158 silly packumentCache full:https://registry.npmjs.org/@rollup%2frollup-linux-riscv64-gnu cache-miss
1159 http fetch GET 200 https://registry.npmjs.org/@rollup%2frollup-linux-loong64-gnu 656ms (cache miss)
1160 silly packumentCache full:https://registry.npmjs.org/@rollup%2frollup-linux-loong64-gnu set size:undefined disposed:false
1161 silly fetch manifest @rollup/rollup-linux-riscv64-musl@4.56.0
1162 silly packumentCache full:https://registry.npmjs.org/@rollup%2frollup-linux-riscv64-musl cache-miss
1163 http fetch GET 200 https://registry.npmjs.org/@rollup%2frollup-linux-loong64-musl 534ms (cache miss)
1164 silly packumentCache full:https://registry.npmjs.org/@rollup%2frollup-linux-loong64-musl set size:undefined disposed:false
1165 silly fetch manifest @rollup/rollup-linux-ppc64-gnu@4.56.0
1166 silly packumentCache full:https://registry.npmjs.org/@rollup%2frollup-linux-ppc64-gnu cache-miss
1167 http fetch GET 200 https://registry.npmjs.org/@rollup%2frollup-linux-riscv64-gnu 661ms (cache miss)
1168 silly packumentCache full:https://registry.npmjs.org/@rollup%2frollup-linux-riscv64-gnu set size:undefined disposed:false
1169 silly fetch manifest @rollup/rollup-linux-ppc64-musl@4.56.0
1170 silly packumentCache full:https://registry.npmjs.org/@rollup%2frollup-linux-ppc64-musl cache-miss
1171 http fetch GET 200 https://registry.npmjs.org/@rollup%2frollup-linux-riscv64-musl 735ms (cache miss)
1172 silly packumentCache full:https://registry.npmjs.org/@rollup%2frollup-linux-riscv64-musl set size:undefined disposed:false
1173 silly fetch manifest @rollup/rollup-linux-s390x-gnu@4.56.0
1174 silly packumentCache full:https://registry.npmjs.org/@rollup%2frollup-linux-s390x-gnu cache-miss
1175 http fetch GET 200 https://registry.npmjs.org/@rollup%2frollup-linux-ppc64-gnu 643ms (cache miss)
1176 silly packumentCache full:https://registry.npmjs.org/@rollup%2frollup-linux-ppc64-gnu set size:undefined disposed:false
1177 silly fetch manifest @rollup/rollup-darwin-x64@4.56.0
1178 silly packumentCache full:https://registry.npmjs.org/@rollup%2frollup-darwin-x64 cache-miss
1179 http fetch GET 200 https://registry.npmjs.org/@rollup%2frollup-linux-ppc64-musl 792ms (cache miss)
1180 silly packumentCache full:https://registry.npmjs.org/@rollup%2frollup-linux-ppc64-musl set size:undefined disposed:false
1181 silly fetch manifest @rollup/rollup-win32-x64-gnu@4.56.0
1182 silly packumentCache full:https://registry.npmjs.org/@rollup%2frollup-win32-x64-gnu cache-miss
1183 http fetch GET 200 https://registry.npmjs.org/@rollup%2frollup-linux-s390x-gnu 650ms (cache miss)
1184 silly packumentCache full:https://registry.npmjs.org/@rollup%2frollup-linux-s390x-gnu set size:undefined disposed:false
1185 silly fetch manifest @rollup/rollup-win32-x64-msvc@4.56.0
1186 silly packumentCache full:https://registry.npmjs.org/@rollup%2frollup-win32-x64-msvc cache-miss
1187 http fetch GET 200 https://registry.npmjs.org/@rollup%2frollup-darwin-x64 597ms (cache miss)
1188 silly packumentCache full:https://registry.npmjs.org/@rollup%2frollup-darwin-x64 set size:undefined disposed:false
1189 silly fetch manifest @rollup/rollup-freebsd-x64@4.56.0
1190 silly packumentCache full:https://registry.npmjs.org/@rollup%2frollup-freebsd-x64 cache-miss
1191 http fetch GET 200 https://registry.npmjs.org/@rollup%2frollup-win32-x64-gnu 943ms (cache miss)
1192 silly packumentCache full:https://registry.npmjs.org/@rollup%2frollup-win32-x64-gnu set size:undefined disposed:false
1193 silly fetch manifest @rollup/rollup-linux-x64-gnu@4.56.0
1194 silly packumentCache full:https://registry.npmjs.org/@rollup%2frollup-linux-x64-gnu cache-miss
1195 http fetch GET 200 https://registry.npmjs.org/@rollup%2frollup-win32-x64-msvc 955ms (cache miss)
1196 silly packumentCache full:https://registry.npmjs.org/@rollup%2frollup-win32-x64-msvc set size:undefined disposed:false
1197 silly fetch manifest @rollup/rollup-linux-x64-musl@4.56.0
1198 silly packumentCache full:https://registry.npmjs.org/@rollup%2frollup-linux-x64-musl cache-miss
1199 http fetch GET 200 https://registry.npmjs.org/@rollup%2frollup-freebsd-x64 957ms (cache miss)
1200 silly packumentCache full:https://registry.npmjs.org/@rollup%2frollup-freebsd-x64 set size:undefined disposed:false
1201 silly fetch manifest @rollup/rollup-openbsd-x64@4.56.0
1202 silly packumentCache full:https://registry.npmjs.org/@rollup%2frollup-openbsd-x64 cache-miss
1203 http fetch GET 200 https://registry.npmjs.org/@rollup%2frollup-linux-x64-gnu 622ms (cache miss)
1204 silly packumentCache full:https://registry.npmjs.org/@rollup%2frollup-linux-x64-gnu set size:undefined disposed:false
1205 silly fetch manifest @rollup/rollup-openharmony-arm64@4.56.0
1206 silly packumentCache full:https://registry.npmjs.org/@rollup%2frollup-openharmony-arm64 cache-miss
1207 http fetch GET 200 https://registry.npmjs.org/@rollup%2frollup-linux-x64-musl 608ms (cache miss)
1208 silly packumentCache full:https://registry.npmjs.org/@rollup%2frollup-linux-x64-musl set size:undefined disposed:false
1209 http fetch GET 200 https://registry.npmjs.org/@rollup%2frollup-openbsd-x64 1178ms (cache miss)
1210 silly packumentCache full:https://registry.npmjs.org/@rollup%2frollup-openbsd-x64 set size:undefined disposed:false
1211 http fetch GET 200 https://registry.npmjs.org/@rollup%2frollup-openharmony-arm64 641ms (cache miss)
1212 silly packumentCache full:https://registry.npmjs.org/@rollup%2frollup-openharmony-arm64 set size:undefined disposed:false
1213 silly placeDep ROOT @esbuild/aix-ppc64@0.21.5 OK for: esbuild@0.21.5 want: 0.21.5
1214 silly placeDep ROOT @esbuild/android-arm@0.21.5 OK for: esbuild@0.21.5 want: 0.21.5
1215 silly placeDep ROOT @esbuild/android-arm64@0.21.5 OK for: esbuild@0.21.5 want: 0.21.5
1216 silly placeDep ROOT @esbuild/android-x64@0.21.5 OK for: esbuild@0.21.5 want: 0.21.5
1217 silly placeDep ROOT @esbuild/darwin-arm64@0.21.5 OK for: esbuild@0.21.5 want: 0.21.5
1218 silly placeDep ROOT @esbuild/darwin-x64@0.21.5 OK for: esbuild@0.21.5 want: 0.21.5
1219 silly placeDep ROOT @esbuild/freebsd-arm64@0.21.5 OK for: esbuild@0.21.5 want: 0.21.5
1220 silly placeDep ROOT @esbuild/freebsd-x64@0.21.5 OK for: esbuild@0.21.5 want: 0.21.5
1221 silly placeDep ROOT @esbuild/linux-arm@0.21.5 OK for: esbuild@0.21.5 want: 0.21.5
1222 silly placeDep ROOT @esbuild/linux-arm64@0.21.5 OK for: esbuild@0.21.5 want: 0.21.5
1223 silly placeDep ROOT @esbuild/linux-ia32@0.21.5 OK for: esbuild@0.21.5 want: 0.21.5
1224 silly placeDep ROOT @esbuild/linux-loong64@0.21.5 OK for: esbuild@0.21.5 want: 0.21.5
1225 silly placeDep ROOT @esbuild/linux-mips64el@0.21.5 OK for: esbuild@0.21.5 want: 0.21.5
1226 silly placeDep ROOT @esbuild/linux-ppc64@0.21.5 OK for: esbuild@0.21.5 want: 0.21.5
1227 silly placeDep ROOT @esbuild/linux-riscv64@0.21.5 OK for: esbuild@0.21.5 want: 0.21.5
1228 silly placeDep ROOT @esbuild/linux-s390x@0.21.5 OK for: esbuild@0.21.5 want: 0.21.5
1229 silly placeDep ROOT @esbuild/linux-x64@0.21.5 OK for: esbuild@0.21.5 want: 0.21.5
1230 silly placeDep ROOT @esbuild/netbsd-x64@0.21.5 OK for: esbuild@0.21.5 want: 0.21.5
1231 silly placeDep ROOT @esbuild/openbsd-x64@0.21.5 OK for: esbuild@0.21.5 want: 0.21.5
1232 silly placeDep ROOT @esbuild/sunos-x64@0.21.5 OK for: esbuild@0.21.5 want: 0.21.5
1233 silly placeDep ROOT @esbuild/win32-arm64@0.21.5 OK for: esbuild@0.21.5 want: 0.21.5
1234 silly placeDep ROOT @esbuild/win32-ia32@0.21.5 OK for: esbuild@0.21.5 want: 0.21.5
1235 silly placeDep ROOT @esbuild/win32-x64@0.21.5 OK for: esbuild@0.21.5 want: 0.21.5
1236 silly placeDep ROOT nanoid@3.3.11 OK for: postcss@8.5.6 want: ^3.3.11
1237 silly placeDep ROOT source-map-js@1.2.1 OK for: postcss@8.5.6 want: ^1.2.1
1238 silly placeDep ROOT @rollup/rollup-android-arm-eabi@4.56.0 OK for: rollup@4.56.0 want: 4.56.0
1239 silly placeDep ROOT @rollup/rollup-android-arm64@4.56.0 OK for: rollup@4.56.0 want: 4.56.0
1240 silly placeDep ROOT @rollup/rollup-darwin-arm64@4.56.0 OK for: rollup@4.56.0 want: 4.56.0
1241 silly placeDep ROOT @rollup/rollup-darwin-x64@4.56.0 OK for: rollup@4.56.0 want: 4.56.0
1242 silly placeDep ROOT @rollup/rollup-freebsd-arm64@4.56.0 OK for: rollup@4.56.0 want: 4.56.0
1243 silly placeDep ROOT @rollup/rollup-freebsd-x64@4.56.0 OK for: rollup@4.56.0 want: 4.56.0
1244 silly placeDep ROOT @rollup/rollup-linux-arm-gnueabihf@4.56.0 OK for: rollup@4.56.0 want: 4.56.0
1245 silly placeDep ROOT @rollup/rollup-linux-arm-musleabihf@4.56.0 OK for: rollup@4.56.0 want: 4.56.0
1246 silly placeDep ROOT @rollup/rollup-linux-arm64-gnu@4.56.0 OK for: rollup@4.56.0 want: 4.56.0
1247 silly placeDep ROOT @rollup/rollup-linux-arm64-musl@4.56.0 OK for: rollup@4.56.0 want: 4.56.0
1248 silly placeDep ROOT @rollup/rollup-linux-loong64-gnu@4.56.0 OK for: rollup@4.56.0 want: 4.56.0
1249 silly placeDep ROOT @rollup/rollup-linux-loong64-musl@4.56.0 OK for: rollup@4.56.0 want: 4.56.0
1250 silly placeDep ROOT @rollup/rollup-linux-ppc64-gnu@4.56.0 OK for: rollup@4.56.0 want: 4.56.0
1251 silly placeDep ROOT @rollup/rollup-linux-ppc64-musl@4.56.0 OK for: rollup@4.56.0 want: 4.56.0
1252 silly placeDep ROOT @rollup/rollup-linux-riscv64-gnu@4.56.0 OK for: rollup@4.56.0 want: 4.56.0
1253 silly placeDep ROOT @rollup/rollup-linux-riscv64-musl@4.56.0 OK for: rollup@4.56.0 want: 4.56.0
1254 silly placeDep ROOT @rollup/rollup-linux-s390x-gnu@4.56.0 OK for: rollup@4.56.0 want: 4.56.0
1255 silly placeDep ROOT @rollup/rollup-linux-x64-gnu@4.56.0 OK for: rollup@4.56.0 want: 4.56.0
1256 silly placeDep ROOT @rollup/rollup-linux-x64-musl@4.56.0 OK for: rollup@4.56.0 want: 4.56.0
1257 silly placeDep ROOT @rollup/rollup-openbsd-x64@4.56.0 OK for: rollup@4.56.0 want: 4.56.0
1258 silly placeDep ROOT @rollup/rollup-openharmony-arm64@4.56.0 OK for: rollup@4.56.0 want: 4.56.0
1259 silly placeDep ROOT @rollup/rollup-win32-arm64-msvc@4.56.0 OK for: rollup@4.56.0 want: 4.56.0
1260 silly placeDep ROOT @rollup/rollup-win32-ia32-msvc@4.56.0 OK for: rollup@4.56.0 want: 4.56.0
1261 silly placeDep ROOT @rollup/rollup-win32-x64-gnu@4.56.0 OK for: rollup@4.56.0 want: 4.56.0
1262 silly placeDep ROOT @rollup/rollup-win32-x64-msvc@4.56.0 OK for: rollup@4.56.0 want: 4.56.0
1263 silly placeDep ROOT @types/estree@1.0.8 OK for: rollup@4.56.0 want: 1.0.8
1264 silly placeDep ROOT isexe@2.0.0 OK for: which@2.0.2 want: ^2.0.0
1265 silly placeDep ROOT ansi-styles@6.2.3 OK for: wrap-ansi@8.1.0 want: ^6.1.0
1266 silly placeDep node_modules/wrap-ansi-cjs ansi-styles@4.3.0 OK for: wrap-ansi@7.0.0 want: ^4.0.0
1267 silly placeDep node_modules/wrap-ansi-cjs string-width@4.2.3 OK for: wrap-ansi@7.0.0 want: ^4.1.0
1268 silly placeDep node_modules/wrap-ansi-cjs strip-ansi@6.0.1 OK for: wrap-ansi@7.0.0 want: ^6.0.0
1269 silly fetch manifest color-convert@^2.0.1
1270 silly packumentCache full:https://registry.npmjs.org/color-convert cache-miss
1271 http fetch GET 200 https://registry.npmjs.org/color-convert 300ms (cache miss)
1272 silly packumentCache full:https://registry.npmjs.org/color-convert set size:undefined disposed:false
1273 silly placeDep node_modules/string-width-cjs ansi-regex@5.0.1 OK for: strip-ansi@6.0.1 want: ^5.0.1
1274 silly placeDep ROOT color-convert@2.0.1 OK for: ansi-styles@4.3.0 want: ^2.0.1
1275 silly fetch manifest color-name@~1.1.4
1276 silly packumentCache full:https://registry.npmjs.org/color-name cache-miss
1277 http fetch GET 200 https://registry.npmjs.org/color-name 208ms (cache miss)
1278 silly packumentCache full:https://registry.npmjs.org/color-name set size:undefined disposed:false
1279 silly placeDep ROOT color-name@1.1.4 OK for: color-convert@2.0.1 want: ~1.1.4
1280 silly placeDep node_modules/wrap-ansi-cjs emoji-regex@8.0.0 OK for: string-width@4.2.3 want: ^8.0.0
1281 silly placeDep node_modules/wrap-ansi-cjs ansi-regex@5.0.1 OK for: strip-ansi@6.0.1 want: ^5.0.1
1282 silly reify moves {}
1283 silly audit bulk request {
1283 silly audit   '@google/genai': [ '1.38.0' ],
1283 silly audit   '@types/react': [ '18.3.27' ],
1283 silly audit   '@types/react-dom': [ '18.3.7' ],
1283 silly audit   '@vitejs/plugin-react': [ '4.7.0' ],
1283 silly audit   vite: [ '5.4.21' ],
1283 silly audit   'lucide-react': [ '0.344.0' ],
1283 silly audit   react: [ '18.3.1' ],
1283 silly audit   'react-dom': [ '18.3.1' ],
1283 silly audit   recharts: [ '2.15.4' ],
1283 silly audit   typescript: [ '5.9.3' ],
1283 silly audit   'google-auth-library': [ '10.5.0' ],
1283 silly audit   protobufjs: [ '7.5.4' ],
1283 silly audit   ws: [ '8.19.0' ],
1283 silly audit   '@types/prop-types': [ '15.7.15' ],
1283 silly audit   csstype: [ '3.2.3' ],
1283 silly audit   '@babel/core': [ '7.28.6' ],
1283 silly audit   '@babel/plugin-transform-react-jsx-self': [ '7.27.1' ],
1283 silly audit   '@babel/plugin-transform-react-jsx-source': [ '7.27.1' ],
1283 silly audit   '@rolldown/pluginutils': [ '1.0.0-beta.27' ],
1283 silly audit   '@types/babel__core': [ '7.20.5' ],
1283 silly audit   'react-refresh': [ '0.17.0' ],
1283 silly audit   '@babel/code-frame': [ '7.28.6' ],
1283 silly audit   '@babel/generator': [ '7.28.6' ],
1283 silly audit   '@babel/helper-compilation-targets': [ '7.28.6' ],
1283 silly audit   '@babel/helper-module-transforms': [ '7.28.6' ],
1283 silly audit   '@babel/helpers': [ '7.28.6' ],
1283 silly audit   '@babel/parser': [ '7.28.6' ],
1283 silly audit   '@babel/template': [ '7.28.6' ],
1283 silly audit   '@babel/traverse': [ '7.28.6' ],
1283 silly audit   '@babel/types': [ '7.28.6' ],
1283 silly audit   '@jridgewell/remapping': [ '2.3.5' ],
1283 silly audit   'convert-source-map': [ '2.0.0' ],
1283 silly audit   debug: [ '4.4.3' ],
1283 silly audit   gensync: [ '1.0.0-beta.2' ],
1283 silly audit   json5: [ '2.2.3' ],
1283 silly audit   semver: [ '6.3.1' ],
1283 silly audit   '@babel/helper-validator-identifier': [ '7.28.5' ],
1283 silly audit   'js-tokens': [ '4.0.0' ],
1283 silly audit   picocolors: [ '1.1.1' ],
1283 silly audit   '@jridgewell/gen-mapping': [ '0.3.13' ],
1283 silly audit   '@jridgewell/trace-mapping': [ '0.3.31' ],
1283 silly audit   jsesc: [ '3.1.0' ],
1283 silly audit   '@babel/compat-data': [ '7.28.6' ],
1283 silly audit   '@babel/helper-validator-option': [ '7.27.1' ],
1283 silly audit   browserslist: [ '4.28.1' ],
1283 silly audit   'lru-cache': [ '5.1.1', '10.4.3' ],
1283 silly audit   '@babel/helper-module-imports': [ '7.28.6' ],
1283 silly audit   '@babel/helper-plugin-utils': [ '7.28.6' ],
1283 silly audit   '@babel/helper-globals': [ '7.28.0' ],
1283 silly audit   '@babel/helper-string-parser': [ '7.27.1' ],
1283 silly audit   '@jridgewell/sourcemap-codec': [ '1.5.5' ],
1283 silly audit   '@jridgewell/resolve-uri': [ '3.1.2' ],
1283 silly audit   '@types/babel__generator': [ '7.27.0' ],
1283 silly audit   '@types/babel__template': [ '7.4.4' ],
1283 silly audit   '@types/babel__traverse': [ '7.28.0' ],
1283 silly audit   'baseline-browser-mapping': [ '2.9.18' ],
1283 silly audit   'caniuse-lite': [ '1.0.30001766' ],
1283 silly audit   'electron-to-chromium': [ '1.5.278' ],
1283 silly audit   'node-releases': [ '2.0.27' ],
1283 silly audit   'update-browserslist-db': [ '1.2.3' ],
1283 silly audit   ms: [ '2.1.3' ],
1283 silly audit   'base64-js': [ '1.5.1' ],
1283 silly audit   'ecdsa-sig-formatter': [ '1.0.11' ],
1283 silly audit   gaxios: [ '7.1.3' ],
1283 silly audit   'gcp-metadata': [ '8.1.2' ],
1283 silly audit   'google-logging-utils': [ '1.1.3' ],
1283 silly audit   gtoken: [ '8.0.0' ],
1283 silly audit   jws: [ '4.0.1' ],
1283 silly audit   'safe-buffer': [ '5.2.1' ],
1283 silly audit   extend: [ '3.0.2' ],
1283 silly audit   'https-proxy-agent': [ '7.0.6' ],
1283 silly audit   'node-fetch': [ '3.3.2' ],
1283 silly audit   rimraf: [ '5.0.10' ],
1283 silly audit   'json-bigint': [ '1.0.0' ],
1283 silly audit   'agent-base': [ '7.1.4' ],
1283 silly audit   'bignumber.js': [ '9.3.1' ],
1283 silly audit   jwa: [ '2.0.1' ],
1283 silly audit   'buffer-equal-constant-time': [ '1.0.1' ],
1283 silly audit   yallist: [ '3.1.1' ],
1283 silly audit   'data-uri-to-buffer': [ '4.0.1' ],
1283 silly audit   'fetch-blob': [ '3.2.0' ],
1283 silly audit   'formdata-polyfill': [ '4.0.10' ],
1283 silly audit   'node-domexception': [ '1.0.0' ],
1283 silly audit   'web-streams-polyfill': [ '3.3.3' ],
1283 silly audit   '@protobufjs/aspromise': [ '1.1.2' ],
1283 silly audit   '@protobufjs/base64': [ '1.1.2' ],
1283 silly audit   '@protobufjs/codegen': [ '2.0.4' ],
1283 silly audit   '@protobufjs/eventemitter': [ '1.1.0' ],
1283 silly audit   '@protobufjs/fetch': [ '1.1.0' ],
1283 silly audit   '@protobufjs/float': [ '1.0.2' ],
1283 silly audit   '@protobufjs/inquire': [ '1.1.0' ],
1283 silly audit   '@protobufjs/path': [ '1.1.2' ],
1283 silly audit   '@protobufjs/pool': [ '1.1.0' ],
1283 silly audit   '@protobufjs/utf8': [ '1.1.0' ],
1283 silly audit   '@types/node': [ '25.0.10' ],
1283 silly audit   long: [ '5.3.2' ],
1283 silly audit   'undici-types': [ '7.16.0' ],
1283 silly audit   'loose-envify': [ '1.4.0' ],
1283 silly audit   scheduler: [ '0.23.2' ],
1283 silly audit   clsx: [ '2.1.1' ],
1283 silly audit   eventemitter3: [ '4.0.7' ],
1283 silly audit   lodash: [ '4.17.23' ],
1283 silly audit   'react-is': [ '18.3.1', '16.13.1' ],
1283 silly audit   'react-smooth': [ '4.0.4' ],
1283 silly audit   'recharts-scale': [ '0.4.5' ],
1283 silly audit   'tiny-invariant': [ '1.3.3' ],
1283 silly audit   'victory-vendor': [ '36.9.2' ],
1283 silly audit   'fast-equals': [ '5.4.0' ],
1283 silly audit   'prop-types': [ '15.8.1' ],
1283 silly audit   'react-transition-group': [ '4.4.5' ],
1283 silly audit   'object-assign': [ '4.1.1' ],
1283 silly audit   '@babel/runtime': [ '7.28.6' ],
1283 silly audit   'dom-helpers': [ '5.2.1' ],
1283 silly audit   'decimal.js-light': [ '2.5.1' ],
1283 silly audit   glob: [ '10.5.0' ],
1283 silly audit   'foreground-child': [ '3.3.1' ],
1283 silly audit   jackspeak: [ '3.4.3' ],
1283 silly audit   minimatch: [ '9.0.5' ],
1283 silly audit   minipass: [ '7.1.2' ],
1283 silly audit   'package-json-from-dist': [ '1.0.1' ],
1283 silly audit   'path-scurry': [ '1.11.1' ],
1283 silly audit   'cross-spawn': [ '7.0.6' ],
1283 silly audit   'signal-exit': [ '4.1.0' ],
1283 silly audit   'path-key': [ '3.1.1' ],
1283 silly audit   'shebang-command': [ '2.0.0' ],
1283 silly audit   which: [ '2.0.2' ],
1283 silly audit   '@isaacs/cliui': [ '8.0.2' ],
1283 silly audit   '@pkgjs/parseargs': [ '0.11.0' ],
1283 silly audit   'string-width': [ '5.1.2', '4.2.3' ],
1283 silly audit   'strip-ansi': [ '7.1.2', '6.0.1' ],
1283 silly audit   'wrap-ansi': [ '8.1.0', '7.0.0' ],
1283 silly audit   'brace-expansion': [ '2.0.2' ],
1283 silly audit   'balanced-match': [ '1.0.2' ],
1283 silly audit   'shebang-regex': [ '3.0.0' ],
1283 silly audit   eastasianwidth: [ '0.2.0' ],
1283 silly audit   'emoji-regex': [ '9.2.2', '8.0.0' ],
1283 silly audit   'is-fullwidth-code-point': [ '3.0.0' ],
1283 silly audit   'ansi-regex': [ '6.2.2', '5.0.1' ],
1283 silly audit   escalade: [ '3.2.0' ],
1283 silly audit   '@types/d3-array': [ '3.2.2' ],
1283 silly audit   '@types/d3-ease': [ '3.0.2' ],
1283 silly audit   '@types/d3-interpolate': [ '3.0.4' ],
1283 silly audit   '@types/d3-scale': [ '4.0.9' ],
1283 silly audit   '@types/d3-shape': [ '3.1.8' ],
1283 silly audit   '@types/d3-time': [ '3.0.4' ],
1283 silly audit   '@types/d3-timer': [ '3.0.2' ],
1283 silly audit   'd3-array': [ '3.2.4' ],
1283 silly audit   'd3-ease': [ '3.0.1' ],
1283 silly audit   'd3-interpolate': [ '3.0.1' ],
1283 silly audit   'd3-scale': [ '4.0.2' ],
1283 silly audit   'd3-shape': [ '3.2.0' ],
1283 silly audit   'd3-time': [ '3.1.0' ],
1283 silly audit   'd3-timer': [ '3.0.1' ],
1283 silly audit   '@types/d3-color': [ '3.1.3' ],
1283 silly audit   '@types/d3-path': [ '3.1.1' ],
1283 silly audit   internmap: [ '2.0.3' ],
1283 silly audit   'd3-color': [ '3.1.0' ],
1283 silly audit   'd3-format': [ '3.1.2' ],
1283 silly audit   'd3-time-format': [ '4.1.0' ],
1283 silly audit   'd3-path': [ '3.1.0' ],
1283 silly audit   esbuild: [ '0.21.5' ],
1283 silly audit   fsevents: [ '2.3.3' ],
1283 silly audit   postcss: [ '8.5.6' ],
1283 silly audit   rollup: [ '4.56.0' ],
1283 silly audit   '@esbuild/aix-ppc64': [ '0.21.5' ],
1283 silly audit   '@esbuild/android-arm': [ '0.21.5' ],
1283 silly audit   '@esbuild/android-arm64': [ '0.21.5' ],
1283 silly audit   '@esbuild/android-x64': [ '0.21.5' ],
1283 silly audit   '@esbuild/darwin-arm64': [ '0.21.5' ],
1283 silly audit   '@esbuild/darwin-x64': [ '0.21.5' ],
1283 silly audit   '@esbuild/freebsd-arm64': [ '0.21.5' ],
1283 silly audit   '@esbuild/freebsd-x64': [ '0.21.5' ],
1283 silly audit   '@esbuild/linux-arm': [ '0.21.5' ],
1283 silly audit   '@esbuild/linux-arm64': [ '0.21.5' ],
1283 silly audit   '@esbuild/linux-ia32': [ '0.21.5' ],
1283 silly audit   '@esbuild/linux-loong64': [ '0.21.5' ],
1283 silly audit   '@esbuild/linux-mips64el': [ '0.21.5' ],
1283 silly audit   '@esbuild/linux-ppc64': [ '0.21.5' ],
1283 silly audit   '@esbuild/linux-riscv64': [ '0.21.5' ],
1283 silly audit   '@esbuild/linux-s390x': [ '0.21.5' ],
1283 silly audit   '@esbuild/linux-x64': [ '0.21.5' ],
1283 silly audit   '@esbuild/netbsd-x64': [ '0.21.5' ],
1283 silly audit   '@esbuild/openbsd-x64': [ '0.21.5' ],
1283 silly audit   '@esbuild/sunos-x64': [ '0.21.5' ],
1283 silly audit   '@esbuild/win32-arm64': [ '0.21.5' ],
1283 silly audit   '@esbuild/win32-ia32': [ '0.21.5' ],
1283 silly audit   '@esbuild/win32-x64': [ '0.21.5' ],
1283 silly audit   nanoid: [ '3.3.11' ],
1283 silly audit   'source-map-js': [ '1.2.1' ],
1283 silly audit   '@rollup/rollup-android-arm-eabi': [ '4.56.0' ],
1283 silly audit   '@rollup/rollup-android-arm64': [ '4.56.0' ],
1283 silly audit   '@rollup/rollup-darwin-arm64': [ '4.56.0' ],
1283 silly audit   '@rollup/rollup-darwin-x64': [ '4.56.0' ],
1283 silly audit   '@rollup/rollup-freebsd-arm64': [ '4.56.0' ],
1283 silly audit   '@rollup/rollup-freebsd-x64': [ '4.56.0' ],
1283 silly audit   '@rollup/rollup-linux-arm-gnueabihf': [ '4.56.0' ],
1283 silly audit   '@rollup/rollup-linux-arm-musleabihf': [ '4.56.0' ],
1283 silly audit   '@rollup/rollup-linux-arm64-gnu': [ '4.56.0' ],
1283 silly audit   '@rollup/rollup-linux-arm64-musl': [ '4.56.0' ],
1283 silly audit   '@rollup/rollup-linux-loong64-gnu': [ '4.56.0' ],
1283 silly audit   '@rollup/rollup-linux-loong64-musl': [ '4.56.0' ],
1283 silly audit   '@rollup/rollup-linux-ppc64-gnu': [ '4.56.0' ],
1283 silly audit   '@rollup/rollup-linux-ppc64-musl': [ '4.56.0' ],
1283 silly audit   '@rollup/rollup-linux-riscv64-gnu': [ '4.56.0' ],
1283 silly audit   '@rollup/rollup-linux-riscv64-musl': [ '4.56.0' ],
1283 silly audit   '@rollup/rollup-linux-s390x-gnu': [ '4.56.0' ],
1283 silly audit   '@rollup/rollup-linux-x64-gnu': [ '4.56.0' ],
1283 silly audit   '@rollup/rollup-linux-x64-musl': [ '4.56.0' ],
1283 silly audit   '@rollup/rollup-openbsd-x64': [ '4.56.0' ],
1283 silly audit   '@rollup/rollup-openharmony-arm64': [ '4.56.0' ],
1283 silly audit   '@rollup/rollup-win32-arm64-msvc': [ '4.56.0' ],
1283 silly audit   '@rollup/rollup-win32-ia32-msvc': [ '4.56.0' ],
1283 silly audit   '@rollup/rollup-win32-x64-gnu': [ '4.56.0' ],
1283 silly audit   '@rollup/rollup-win32-x64-msvc': [ '4.56.0' ],
1283 silly audit   '@types/estree': [ '1.0.8' ],
1283 silly audit   isexe: [ '2.0.0' ],
1283 silly audit   'ansi-styles': [ '6.2.3', '4.3.0' ],
1283 silly audit   'color-convert': [ '2.0.1' ],
1283 silly audit   'color-name': [ '1.1.4' ]
1283 silly audit }
1284 verbose reify failed optional dependency /Users/mac-domain/Desktop/updateer-ai/node_modules/@rollup/rollup-win32-x64-msvc
1285 silly reify mark deleted [
1285 silly reify   '/Users/mac-domain/Desktop/updateer-ai/node_modules/@rollup/rollup-win32-x64-msvc'
1285 silly reify ]
1286 verbose reify failed optional dependency /Users/mac-domain/Desktop/updateer-ai/node_modules/@rollup/rollup-win32-x64-gnu
1287 silly reify mark deleted [
1287 silly reify   '/Users/mac-domain/Desktop/updateer-ai/node_modules/@rollup/rollup-win32-x64-gnu'
1287 silly reify ]
1288 verbose reify failed optional dependency /Users/mac-domain/Desktop/updateer-ai/node_modules/@rollup/rollup-win32-ia32-msvc
1289 silly reify mark deleted [
1289 silly reify   '/Users/mac-domain/Desktop/updateer-ai/node_modules/@rollup/rollup-win32-ia32-msvc'
1289 silly reify ]
1290 verbose reify failed optional dependency /Users/mac-domain/Desktop/updateer-ai/node_modules/@rollup/rollup-win32-arm64-msvc
1291 silly reify mark deleted [
1291 silly reify   '/Users/mac-domain/Desktop/updateer-ai/node_modules/@rollup/rollup-win32-arm64-msvc'
1291 silly reify ]
1292 verbose reify failed optional dependency /Users/mac-domain/Desktop/updateer-ai/node_modules/@rollup/rollup-openharmony-arm64
1293 silly reify mark deleted [
1293 silly reify   '/Users/mac-domain/Desktop/updateer-ai/node_modules/@rollup/rollup-openharmony-arm64'
1293 silly reify ]
1294 verbose reify failed optional dependency /Users/mac-domain/Desktop/updateer-ai/node_modules/@rollup/rollup-openbsd-x64
1295 silly reify mark deleted [
1295 silly reify   '/Users/mac-domain/Desktop/updateer-ai/node_modules/@rollup/rollup-openbsd-x64'
1295 silly reify ]
1296 verbose reify failed optional dependency /Users/mac-domain/Desktop/updateer-ai/node_modules/@rollup/rollup-linux-x64-musl
1297 silly reify mark deleted [
1297 silly reify   '/Users/mac-domain/Desktop/updateer-ai/node_modules/@rollup/rollup-linux-x64-musl'
1297 silly reify ]
1298 verbose reify failed optional dependency /Users/mac-domain/Desktop/updateer-ai/node_modules/@rollup/rollup-linux-x64-gnu
1299 silly reify mark deleted [
1299 silly reify   '/Users/mac-domain/Desktop/updateer-ai/node_modules/@rollup/rollup-linux-x64-gnu'
1299 silly reify ]
1300 verbose reify failed optional dependency /Users/mac-domain/Desktop/updateer-ai/node_modules/@rollup/rollup-linux-s390x-gnu
1301 silly reify mark deleted [
1301 silly reify   '/Users/mac-domain/Desktop/updateer-ai/node_modules/@rollup/rollup-linux-s390x-gnu'
1301 silly reify ]
1302 verbose reify failed optional dependency /Users/mac-domain/Desktop/updateer-ai/node_modules/@rollup/rollup-linux-riscv64-musl
1303 silly reify mark deleted [
1303 silly reify   '/Users/mac-domain/Desktop/updateer-ai/node_modules/@rollup/rollup-linux-riscv64-musl'
1303 silly reify ]
1304 verbose reify failed optional dependency /Users/mac-domain/Desktop/updateer-ai/node_modules/@rollup/rollup-linux-riscv64-gnu
1305 silly reify mark deleted [
1305 silly reify   '/Users/mac-domain/Desktop/updateer-ai/node_modules/@rollup/rollup-linux-riscv64-gnu'
1305 silly reify ]
1306 verbose reify failed optional dependency /Users/mac-domain/Desktop/updateer-ai/node_modules/@rollup/rollup-linux-ppc64-musl
1307 silly reify mark deleted [
1307 silly reify   '/Users/mac-domain/Desktop/updateer-ai/node_modules/@rollup/rollup-linux-ppc64-musl'
1307 silly reify ]
1308 verbose reify failed optional dependency /Users/mac-domain/Desktop/updateer-ai/node_modules/@rollup/rollup-linux-ppc64-gnu
1309 silly reify mark deleted [
1309 silly reify   '/Users/mac-domain/Desktop/updateer-ai/node_modules/@rollup/rollup-linux-ppc64-gnu'
1309 silly reify ]
1310 verbose reify failed optional dependency /Users/mac-domain/Desktop/updateer-ai/node_modules/@rollup/rollup-linux-loong64-musl
1311 silly reify mark deleted [
1311 silly reify   '/Users/mac-domain/Desktop/updateer-ai/node_modules/@rollup/rollup-linux-loong64-musl'
1311 silly reify ]
1312 verbose reify failed optional dependency /Users/mac-domain/Desktop/updateer-ai/node_modules/@rollup/rollup-linux-loong64-gnu
1313 silly reify mark deleted [
1313 silly reify   '/Users/mac-domain/Desktop/updateer-ai/node_modules/@rollup/rollup-linux-loong64-gnu'
1313 silly reify ]
1314 verbose reify failed optional dependency /Users/mac-domain/Desktop/updateer-ai/node_modules/@rollup/rollup-linux-arm64-musl
1315 silly reify mark deleted [
1315 silly reify   '/Users/mac-domain/Desktop/updateer-ai/node_modules/@rollup/rollup-linux-arm64-musl'
1315 silly reify ]
1316 verbose reify failed optional dependency /Users/mac-domain/Desktop/updateer-ai/node_modules/@rollup/rollup-linux-arm64-gnu
1317 silly reify mark deleted [
1317 silly reify   '/Users/mac-domain/Desktop/updateer-ai/node_modules/@rollup/rollup-linux-arm64-gnu'
1317 silly reify ]
1318 verbose reify failed optional dependency /Users/mac-domain/Desktop/updateer-ai/node_modules/@rollup/rollup-linux-arm-musleabihf
1319 silly reify mark deleted [
1319 silly reify   '/Users/mac-domain/Desktop/updateer-ai/node_modules/@rollup/rollup-linux-arm-musleabihf'
1319 silly reify ]
1320 verbose reify failed optional dependency /Users/mac-domain/Desktop/updateer-ai/node_modules/@rollup/rollup-linux-arm-gnueabihf
1321 silly reify mark deleted [
1321 silly reify   '/Users/mac-domain/Desktop/updateer-ai/node_modules/@rollup/rollup-linux-arm-gnueabihf'
1321 silly reify ]
1322 verbose reify failed optional dependency /Users/mac-domain/Desktop/updateer-ai/node_modules/@rollup/rollup-freebsd-x64
1323 silly reify mark deleted [
1323 silly reify   '/Users/mac-domain/Desktop/updateer-ai/node_modules/@rollup/rollup-freebsd-x64'
1323 silly reify ]
1324 verbose reify failed optional dependency /Users/mac-domain/Desktop/updateer-ai/node_modules/@rollup/rollup-freebsd-arm64
1325 silly reify mark deleted [
1325 silly reify   '/Users/mac-domain/Desktop/updateer-ai/node_modules/@rollup/rollup-freebsd-arm64'
1325 silly reify ]
1326 verbose reify failed optional dependency /Users/mac-domain/Desktop/updateer-ai/node_modules/@rollup/rollup-darwin-arm64
1327 silly reify mark deleted [
1327 silly reify   '/Users/mac-domain/Desktop/updateer-ai/node_modules/@rollup/rollup-darwin-arm64'
1327 silly reify ]
1328 verbose reify failed optional dependency /Users/mac-domain/Desktop/updateer-ai/node_modules/@rollup/rollup-android-arm64
1329 silly reify mark deleted [
1329 silly reify   '/Users/mac-domain/Desktop/updateer-ai/node_modules/@rollup/rollup-android-arm64'
1329 silly reify ]
1330 verbose reify failed optional dependency /Users/mac-domain/Desktop/updateer-ai/node_modules/@rollup/rollup-android-arm-eabi
1331 silly reify mark deleted [
1331 silly reify   '/Users/mac-domain/Desktop/updateer-ai/node_modules/@rollup/rollup-android-arm-eabi'
1331 silly reify ]
1332 verbose reify failed optional dependency /Users/mac-domain/Desktop/updateer-ai/node_modules/@esbuild/win32-x64
1333 silly reify mark deleted [
1333 silly reify   '/Users/mac-domain/Desktop/updateer-ai/node_modules/@esbuild/win32-x64'
1333 silly reify ]
1334 verbose reify failed optional dependency /Users/mac-domain/Desktop/updateer-ai/node_modules/@esbuild/win32-ia32
1335 silly reify mark deleted [
1335 silly reify   '/Users/mac-domain/Desktop/updateer-ai/node_modules/@esbuild/win32-ia32'
1335 silly reify ]
1336 verbose reify failed optional dependency /Users/mac-domain/Desktop/updateer-ai/node_modules/@esbuild/win32-arm64
1337 silly reify mark deleted [
1337 silly reify   '/Users/mac-domain/Desktop/updateer-ai/node_modules/@esbuild/win32-arm64'
1337 silly reify ]
1338 verbose reify failed optional dependency /Users/mac-domain/Desktop/updateer-ai/node_modules/@esbuild/sunos-x64
1339 silly reify mark deleted [
1339 silly reify   '/Users/mac-domain/Desktop/updateer-ai/node_modules/@esbuild/sunos-x64'
1339 silly reify ]
1340 verbose reify failed optional dependency /Users/mac-domain/Desktop/updateer-ai/node_modules/@esbuild/openbsd-x64
1341 silly reify mark deleted [
1341 silly reify   '/Users/mac-domain/Desktop/updateer-ai/node_modules/@esbuild/openbsd-x64'
1341 silly reify ]
1342 verbose reify failed optional dependency /Users/mac-domain/Desktop/updateer-ai/node_modules/@esbuild/netbsd-x64
1343 silly reify mark deleted [
1343 silly reify   '/Users/mac-domain/Desktop/updateer-ai/node_modules/@esbuild/netbsd-x64'
1343 silly reify ]
1344 verbose reify failed optional dependency /Users/mac-domain/Desktop/updateer-ai/node_modules/@esbuild/linux-x64
1345 silly reify mark deleted [
1345 silly reify   '/Users/mac-domain/Desktop/updateer-ai/node_modules/@esbuild/linux-x64'
1345 silly reify ]
1346 verbose reify failed optional dependency /Users/mac-domain/Desktop/updateer-ai/node_modules/@esbuild/linux-s390x
1347 silly reify mark deleted [
1347 silly reify   '/Users/mac-domain/Desktop/updateer-ai/node_modules/@esbuild/linux-s390x'
1347 silly reify ]
1348 verbose reify failed optional dependency /Users/mac-domain/Desktop/updateer-ai/node_modules/@esbuild/linux-riscv64
1349 silly reify mark deleted [
1349 silly reify   '/Users/mac-domain/Desktop/updateer-ai/node_modules/@esbuild/linux-riscv64'
1349 silly reify ]
1350 verbose reify failed optional dependency /Users/mac-domain/Desktop/updateer-ai/node_modules/@esbuild/linux-ppc64
1351 silly reify mark deleted [
1351 silly reify   '/Users/mac-domain/Desktop/updateer-ai/node_modules/@esbuild/linux-ppc64'
1351 silly reify ]
1352 verbose reify failed optional dependency /Users/mac-domain/Desktop/updateer-ai/node_modules/@esbuild/linux-mips64el
1353 silly reify mark deleted [
1353 silly reify   '/Users/mac-domain/Desktop/updateer-ai/node_modules/@esbuild/linux-mips64el'
1353 silly reify ]
1354 verbose reify failed optional dependency /Users/mac-domain/Desktop/updateer-ai/node_modules/@esbuild/linux-loong64
1355 silly reify mark deleted [
1355 silly reify   '/Users/mac-domain/Desktop/updateer-ai/node_modules/@esbuild/linux-loong64'
1355 silly reify ]
1356 verbose reify failed optional dependency /Users/mac-domain/Desktop/updateer-ai/node_modules/@esbuild/linux-ia32
1357 silly reify mark deleted [
1357 silly reify   '/Users/mac-domain/Desktop/updateer-ai/node_modules/@esbuild/linux-ia32'
1357 silly reify ]
1358 verbose reify failed optional dependency /Users/mac-domain/Desktop/updateer-ai/node_modules/@esbuild/linux-arm64
1359 silly reify mark deleted [
1359 silly reify   '/Users/mac-domain/Desktop/updateer-ai/node_modules/@esbuild/linux-arm64'
1359 silly reify ]
1360 verbose reify failed optional dependency /Users/mac-domain/Desktop/updateer-ai/node_modules/@esbuild/linux-arm
1361 silly reify mark deleted [
1361 silly reify   '/Users/mac-domain/Desktop/updateer-ai/node_modules/@esbuild/linux-arm'
1361 silly reify ]
1362 verbose reify failed optional dependency /Users/mac-domain/Desktop/updateer-ai/node_modules/@esbuild/freebsd-x64
1363 silly reify mark deleted [
1363 silly reify   '/Users/mac-domain/Desktop/updateer-ai/node_modules/@esbuild/freebsd-x64'
1363 silly reify ]
1364 verbose reify failed optional dependency /Users/mac-domain/Desktop/updateer-ai/node_modules/@esbuild/freebsd-arm64
1365 silly reify mark deleted [
1365 silly reify   '/Users/mac-domain/Desktop/updateer-ai/node_modules/@esbuild/freebsd-arm64'
1365 silly reify ]
1366 verbose reify failed optional dependency /Users/mac-domain/Desktop/updateer-ai/node_modules/@esbuild/darwin-arm64
1367 silly reify mark deleted [
1367 silly reify   '/Users/mac-domain/Desktop/updateer-ai/node_modules/@esbuild/darwin-arm64'
1367 silly reify ]
1368 verbose reify failed optional dependency /Users/mac-domain/Desktop/updateer-ai/node_modules/@esbuild/android-x64
1369 silly reify mark deleted [
1369 silly reify   '/Users/mac-domain/Desktop/updateer-ai/node_modules/@esbuild/android-x64'
1369 silly reify ]
1370 verbose reify failed optional dependency /Users/mac-domain/Desktop/updateer-ai/node_modules/@esbuild/android-arm64
1371 silly reify mark deleted [
1371 silly reify   '/Users/mac-domain/Desktop/updateer-ai/node_modules/@esbuild/android-arm64'
1371 silly reify ]
1372 verbose reify failed optional dependency /Users/mac-domain/Desktop/updateer-ai/node_modules/@esbuild/android-arm
1373 silly reify mark deleted [
1373 silly reify   '/Users/mac-domain/Desktop/updateer-ai/node_modules/@esbuild/android-arm'
1373 silly reify ]
1374 verbose reify failed optional dependency /Users/mac-domain/Desktop/updateer-ai/node_modules/@esbuild/aix-ppc64
1375 silly reify mark deleted [
1375 silly reify   '/Users/mac-domain/Desktop/updateer-ai/node_modules/@esbuild/aix-ppc64'
1375 silly reify ]
1376 http cache color-name@https://registry.npmjs.org/color-name/-/color-name-1.1.4.tgz 0ms (cache hit)
1377 http cache color-convert@https://registry.npmjs.org/color-convert/-/color-convert-2.0.1.tgz 0ms (cache hit)
1378 http cache ansi-styles@https://registry.npmjs.org/ansi-styles/-/ansi-styles-6.2.3.tgz 0ms (cache hit)
1379 http cache isexe@https://registry.npmjs.org/isexe/-/isexe-2.0.0.tgz 0ms (cache hit)
1380 http cache @types/estree@https://registry.npmjs.org/@types/estree/-/estree-1.0.8.tgz 0ms (cache hit)
1381 http cache @rollup/rollup-darwin-x64@https://registry.npmjs.org/@rollup/rollup-darwin-x64/-/rollup-darwin-x64-4.56.0.tgz 0ms (cache hit)
1382 http cache source-map-js@https://registry.npmjs.org/source-map-js/-/source-map-js-1.2.1.tgz 0ms (cache hit)
1383 http cache nanoid@https://registry.npmjs.org/nanoid/-/nanoid-3.3.11.tgz 0ms (cache hit)
1384 http cache @esbuild/darwin-x64@https://registry.npmjs.org/@esbuild/darwin-x64/-/darwin-x64-0.21.5.tgz 0ms (cache hit)
1385 http cache rollup@https://registry.npmjs.org/rollup/-/rollup-4.56.0.tgz 0ms (cache hit)
1386 http cache postcss@https://registry.npmjs.org/postcss/-/postcss-8.5.6.tgz 0ms (cache hit)
1387 http cache fsevents@https://registry.npmjs.org/fsevents/-/fsevents-2.3.3.tgz 0ms (cache hit)
1388 http cache esbuild@https://registry.npmjs.org/esbuild/-/esbuild-0.21.5.tgz 0ms (cache hit)
1389 http cache d3-path@https://registry.npmjs.org/d3-path/-/d3-path-3.1.0.tgz 0ms (cache hit)
1390 http cache d3-time-format@https://registry.npmjs.org/d3-time-format/-/d3-time-format-4.1.0.tgz 0ms (cache hit)
1391 http cache d3-format@https://registry.npmjs.org/d3-format/-/d3-format-3.1.2.tgz 0ms (cache hit)
1392 http cache d3-color@https://registry.npmjs.org/d3-color/-/d3-color-3.1.0.tgz 0ms (cache hit)
1393 http cache internmap@https://registry.npmjs.org/internmap/-/internmap-2.0.3.tgz 0ms (cache hit)
1394 http cache @types/d3-path@https://registry.npmjs.org/@types/d3-path/-/d3-path-3.1.1.tgz 0ms (cache hit)
1395 http cache @types/d3-color@https://registry.npmjs.org/@types/d3-color/-/d3-color-3.1.3.tgz 0ms (cache hit)
1396 http cache d3-timer@https://registry.npmjs.org/d3-timer/-/d3-timer-3.0.1.tgz 0ms (cache hit)
1397 http cache d3-time@https://registry.npmjs.org/d3-time/-/d3-time-3.1.0.tgz 0ms (cache hit)
1398 http cache d3-shape@https://registry.npmjs.org/d3-shape/-/d3-shape-3.2.0.tgz 0ms (cache hit)
1399 http cache d3-scale@https://registry.npmjs.org/d3-scale/-/d3-scale-4.0.2.tgz 0ms (cache hit)
1400 http cache d3-interpolate@https://registry.npmjs.org/d3-interpolate/-/d3-interpolate-3.0.1.tgz 0ms (cache hit)
1401 http cache d3-ease@https://registry.npmjs.org/d3-ease/-/d3-ease-3.0.1.tgz 0ms (cache hit)
1402 http cache d3-array@https://registry.npmjs.org/d3-array/-/d3-array-3.2.4.tgz 0ms (cache hit)
1403 http cache @types/d3-timer@https://registry.npmjs.org/@types/d3-timer/-/d3-timer-3.0.2.tgz 0ms (cache hit)
1404 http cache @types/d3-time@https://registry.npmjs.org/@types/d3-time/-/d3-time-3.0.4.tgz 0ms (cache hit)
1405 http cache @types/d3-shape@https://registry.npmjs.org/@types/d3-shape/-/d3-shape-3.1.8.tgz 0ms (cache hit)
1406 http cache @types/d3-scale@https://registry.npmjs.org/@types/d3-scale/-/d3-scale-4.0.9.tgz 0ms (cache hit)
1407 http cache @types/d3-interpolate@https://registry.npmjs.org/@types/d3-interpolate/-/d3-interpolate-3.0.4.tgz 0ms (cache hit)
1408 http cache @types/d3-ease@https://registry.npmjs.org/@types/d3-ease/-/d3-ease-3.0.2.tgz 0ms (cache hit)
1409 http cache @types/d3-array@https://registry.npmjs.org/@types/d3-array/-/d3-array-3.2.2.tgz 0ms (cache hit)
1410 http cache escalade@https://registry.npmjs.org/escalade/-/escalade-3.2.0.tgz 0ms (cache hit)
1411 http cache is-fullwidth-code-point@https://registry.npmjs.org/is-fullwidth-code-point/-/is-fullwidth-code-point-3.0.0.tgz 0ms (cache hit)
1412 http cache ansi-regex@https://registry.npmjs.org/ansi-regex/-/ansi-regex-6.2.2.tgz 0ms (cache hit)
1413 http cache emoji-regex@https://registry.npmjs.org/emoji-regex/-/emoji-regex-9.2.2.tgz 0ms (cache hit)
1414 http cache eastasianwidth@https://registry.npmjs.org/eastasianwidth/-/eastasianwidth-0.2.0.tgz 0ms (cache hit)
1415 http cache balanced-match@https://registry.npmjs.org/balanced-match/-/balanced-match-1.0.2.tgz 0ms (cache hit)
1416 http cache shebang-regex@https://registry.npmjs.org/shebang-regex/-/shebang-regex-3.0.0.tgz 0ms (cache hit)
1417 http cache brace-expansion@https://registry.npmjs.org/brace-expansion/-/brace-expansion-2.0.2.tgz 0ms (cache hit)
1418 http cache wrap-ansi-cjs@https://registry.npmjs.org/wrap-ansi/-/wrap-ansi-7.0.0.tgz 0ms (cache hit)
1419 http cache wrap-ansi@https://registry.npmjs.org/wrap-ansi/-/wrap-ansi-8.1.0.tgz 0ms (cache hit)
1420 http cache strip-ansi-cjs@https://registry.npmjs.org/strip-ansi/-/strip-ansi-6.0.1.tgz 0ms (cache hit)
1421 http cache strip-ansi@https://registry.npmjs.org/strip-ansi/-/strip-ansi-7.1.2.tgz 0ms (cache hit)
1422 http cache string-width@https://registry.npmjs.org/string-width/-/string-width-5.1.2.tgz 0ms (cache hit)
1423 http cache string-width-cjs@https://registry.npmjs.org/string-width/-/string-width-4.2.3.tgz 0ms (cache hit)
1424 http cache @pkgjs/parseargs@https://registry.npmjs.org/@pkgjs/parseargs/-/parseargs-0.11.0.tgz 0ms (cache hit)
1425 http cache @isaacs/cliui@https://registry.npmjs.org/@isaacs/cliui/-/cliui-8.0.2.tgz 0ms (cache hit)
1426 http cache which@https://registry.npmjs.org/which/-/which-2.0.2.tgz 0ms (cache hit)
1427 http cache shebang-command@https://registry.npmjs.org/shebang-command/-/shebang-command-2.0.0.tgz 0ms (cache hit)
1428 http cache path-key@https://registry.npmjs.org/path-key/-/path-key-3.1.1.tgz 0ms (cache hit)
1429 http cache signal-exit@https://registry.npmjs.org/signal-exit/-/signal-exit-4.1.0.tgz 0ms (cache hit)
1430 http cache cross-spawn@https://registry.npmjs.org/cross-spawn/-/cross-spawn-7.0.6.tgz 0ms (cache hit)
1431 http cache path-scurry@https://registry.npmjs.org/path-scurry/-/path-scurry-1.11.1.tgz 0ms (cache hit)
1432 http cache package-json-from-dist@https://registry.npmjs.org/package-json-from-dist/-/package-json-from-dist-1.0.1.tgz 0ms (cache hit)
1433 http cache minipass@https://registry.npmjs.org/minipass/-/minipass-7.1.2.tgz 0ms (cache hit)
1434 http cache minimatch@https://registry.npmjs.org/minimatch/-/minimatch-9.0.5.tgz 0ms (cache hit)
1435 http cache jackspeak@https://registry.npmjs.org/jackspeak/-/jackspeak-3.4.3.tgz 0ms (cache hit)
1436 http cache foreground-child@https://registry.npmjs.org/foreground-child/-/foreground-child-3.3.1.tgz 0ms (cache hit)
1437 http cache glob@https://registry.npmjs.org/glob/-/glob-10.5.0.tgz 0ms (cache hit)
1438 http cache dom-helpers@https://registry.npmjs.org/dom-helpers/-/dom-helpers-5.2.1.tgz 0ms (cache hit)
1439 http cache decimal.js-light@https://registry.npmjs.org/decimal.js-light/-/decimal.js-light-2.5.1.tgz 0ms (cache hit)
1440 http cache @babel/runtime@https://registry.npmjs.org/@babel/runtime/-/runtime-7.28.6.tgz 0ms (cache hit)
1441 http cache object-assign@https://registry.npmjs.org/object-assign/-/object-assign-4.1.1.tgz 0ms (cache hit)
1442 http cache react-transition-group@https://registry.npmjs.org/react-transition-group/-/react-transition-group-4.4.5.tgz 0ms (cache hit)
1443 http cache prop-types@https://registry.npmjs.org/prop-types/-/prop-types-15.8.1.tgz 0ms (cache hit)
1444 http cache fast-equals@https://registry.npmjs.org/fast-equals/-/fast-equals-5.4.0.tgz 0ms (cache hit)
1445 http cache victory-vendor@https://registry.npmjs.org/victory-vendor/-/victory-vendor-36.9.2.tgz 0ms (cache hit)
1446 http cache tiny-invariant@https://registry.npmjs.org/tiny-invariant/-/tiny-invariant-1.3.3.tgz 0ms (cache hit)
1447 http cache recharts-scale@https://registry.npmjs.org/recharts-scale/-/recharts-scale-0.4.5.tgz 0ms (cache hit)
1448 http cache react-smooth@https://registry.npmjs.org/react-smooth/-/react-smooth-4.0.4.tgz 0ms (cache hit)
1449 http cache react-is@https://registry.npmjs.org/react-is/-/react-is-18.3.1.tgz 0ms (cache hit)
1450 http cache lodash@https://registry.npmjs.org/lodash/-/lodash-4.17.23.tgz 0ms (cache hit)
1451 http cache eventemitter3@https://registry.npmjs.org/eventemitter3/-/eventemitter3-4.0.7.tgz 0ms (cache hit)
1452 http cache clsx@https://registry.npmjs.org/clsx/-/clsx-2.1.1.tgz 0ms (cache hit)
1453 http cache loose-envify@https://registry.npmjs.org/loose-envify/-/loose-envify-1.4.0.tgz 0ms (cache hit)
1454 http cache long@https://registry.npmjs.org/long/-/long-5.3.2.tgz 0ms (cache hit)
1455 http cache undici-types@https://registry.npmjs.org/undici-types/-/undici-types-7.16.0.tgz 0ms (cache hit)
1456 http cache @types/node@https://registry.npmjs.org/@types/node/-/node-25.0.10.tgz 0ms (cache hit)
1457 http cache @protobufjs/pool@https://registry.npmjs.org/@protobufjs/pool/-/pool-1.1.0.tgz 0ms (cache hit)
1458 http cache @protobufjs/path@https://registry.npmjs.org/@protobufjs/path/-/path-1.1.2.tgz 0ms (cache hit)
1459 http cache @protobufjs/utf8@https://registry.npmjs.org/@protobufjs/utf8/-/utf8-1.1.0.tgz 0ms (cache hit)
1460 http cache @protobufjs/inquire@https://registry.npmjs.org/@protobufjs/inquire/-/inquire-1.1.0.tgz 0ms (cache hit)
1461 http cache @protobufjs/float@https://registry.npmjs.org/@protobufjs/float/-/float-1.0.2.tgz 0ms (cache hit)
1462 http cache @protobufjs/fetch@https://registry.npmjs.org/@protobufjs/fetch/-/fetch-1.1.0.tgz 0ms (cache hit)
1463 http cache @protobufjs/eventemitter@https://registry.npmjs.org/@protobufjs/eventemitter/-/eventemitter-1.1.0.tgz 0ms (cache hit)
1464 http cache @protobufjs/codegen@https://registry.npmjs.org/@protobufjs/codegen/-/codegen-2.0.4.tgz 0ms (cache hit)
1465 http cache @protobufjs/base64@https://registry.npmjs.org/@protobufjs/base64/-/base64-1.1.2.tgz 0ms (cache hit)
1466 http cache scheduler@https://registry.npmjs.org/scheduler/-/scheduler-0.23.2.tgz 0ms (cache hit)
1467 http cache web-streams-polyfill@https://registry.npmjs.org/web-streams-polyfill/-/web-streams-polyfill-3.3.3.tgz 0ms (cache hit)
1468 http cache @protobufjs/aspromise@https://registry.npmjs.org/@protobufjs/aspromise/-/aspromise-1.1.2.tgz 0ms (cache hit)
1469 http cache node-domexception@https://registry.npmjs.org/node-domexception/-/node-domexception-1.0.0.tgz 0ms (cache hit)
1470 http cache formdata-polyfill@https://registry.npmjs.org/formdata-polyfill/-/formdata-polyfill-4.0.10.tgz 0ms (cache hit)
1471 http cache data-uri-to-buffer@https://registry.npmjs.org/data-uri-to-buffer/-/data-uri-to-buffer-4.0.1.tgz 0ms (cache hit)
1472 http cache yallist@https://registry.npmjs.org/yallist/-/yallist-3.1.1.tgz 0ms (cache hit)
1473 http cache buffer-equal-constant-time@https://registry.npmjs.org/buffer-equal-constant-time/-/buffer-equal-constant-time-1.0.1.tgz 0ms (cache hit)
1474 http cache fetch-blob@https://registry.npmjs.org/fetch-blob/-/fetch-blob-3.2.0.tgz 0ms (cache hit)
1475 http cache jwa@https://registry.npmjs.org/jwa/-/jwa-2.0.1.tgz 0ms (cache hit)
1476 http cache bignumber.js@https://registry.npmjs.org/bignumber.js/-/bignumber.js-9.3.1.tgz 0ms (cache hit)
1477 http cache agent-base@https://registry.npmjs.org/agent-base/-/agent-base-7.1.4.tgz 0ms (cache hit)
1478 http cache json-bigint@https://registry.npmjs.org/json-bigint/-/json-bigint-1.0.0.tgz 0ms (cache hit)
1479 http cache rimraf@https://registry.npmjs.org/rimraf/-/rimraf-5.0.10.tgz 0ms (cache hit)
1480 http cache node-fetch@https://registry.npmjs.org/node-fetch/-/node-fetch-3.3.2.tgz 0ms (cache hit)
1481 http cache https-proxy-agent@https://registry.npmjs.org/https-proxy-agent/-/https-proxy-agent-7.0.6.tgz 0ms (cache hit)
1482 http cache extend@https://registry.npmjs.org/extend/-/extend-3.0.2.tgz 0ms (cache hit)
1483 http cache safe-buffer@https://registry.npmjs.org/safe-buffer/-/safe-buffer-5.2.1.tgz 0ms (cache hit)
1484 http cache jws@https://registry.npmjs.org/jws/-/jws-4.0.1.tgz 0ms (cache hit)
1485 http cache gtoken@https://registry.npmjs.org/gtoken/-/gtoken-8.0.0.tgz 0ms (cache hit)
1486 http cache google-logging-utils@https://registry.npmjs.org/google-logging-utils/-/google-logging-utils-1.1.3.tgz 0ms (cache hit)
1487 http cache gcp-metadata@https://registry.npmjs.org/gcp-metadata/-/gcp-metadata-8.1.2.tgz 0ms (cache hit)
1488 http cache gaxios@https://registry.npmjs.org/gaxios/-/gaxios-7.1.3.tgz 0ms (cache hit)
1489 http cache ecdsa-sig-formatter@https://registry.npmjs.org/ecdsa-sig-formatter/-/ecdsa-sig-formatter-1.0.11.tgz 0ms (cache hit)
1490 http cache base64-js@https://registry.npmjs.org/base64-js/-/base64-js-1.5.1.tgz 0ms (cache hit)
1491 http cache ms@https://registry.npmjs.org/ms/-/ms-2.1.3.tgz 1ms (cache hit)
1492 http cache update-browserslist-db@https://registry.npmjs.org/update-browserslist-db/-/update-browserslist-db-1.2.3.tgz 0ms (cache hit)
1493 http cache node-releases@https://registry.npmjs.org/node-releases/-/node-releases-2.0.27.tgz 0ms (cache hit)
1494 http cache electron-to-chromium@https://registry.npmjs.org/electron-to-chromium/-/electron-to-chromium-1.5.278.tgz 0ms (cache hit)
1495 http cache caniuse-lite@https://registry.npmjs.org/caniuse-lite/-/caniuse-lite-1.0.30001766.tgz 1ms (cache hit)
1496 http cache baseline-browser-mapping@https://registry.npmjs.org/baseline-browser-mapping/-/baseline-browser-mapping-2.9.18.tgz 0ms (cache hit)
1497 http cache @types/babel__traverse@https://registry.npmjs.org/@types/babel__traverse/-/babel__traverse-7.28.0.tgz 0ms (cache hit)
1498 http cache @types/babel__template@https://registry.npmjs.org/@types/babel__template/-/babel__template-7.4.4.tgz 0ms (cache hit)
1499 http cache @types/babel__generator@https://registry.npmjs.org/@types/babel__generator/-/babel__generator-7.27.0.tgz 0ms (cache hit)
1500 http cache @jridgewell/resolve-uri@https://registry.npmjs.org/@jridgewell/resolve-uri/-/resolve-uri-3.1.2.tgz 0ms (cache hit)
1501 http cache @jridgewell/sourcemap-codec@https://registry.npmjs.org/@jridgewell/sourcemap-codec/-/sourcemap-codec-1.5.5.tgz 0ms (cache hit)
1502 http cache @babel/helper-string-parser@https://registry.npmjs.org/@babel/helper-string-parser/-/helper-string-parser-7.27.1.tgz 0ms (cache hit)
1503 http cache @babel/helper-globals@https://registry.npmjs.org/@babel/helper-globals/-/helper-globals-7.28.0.tgz 0ms (cache hit)
1504 http cache @babel/helper-plugin-utils@https://registry.npmjs.org/@babel/helper-plugin-utils/-/helper-plugin-utils-7.28.6.tgz 0ms (cache hit)
1505 http cache @babel/helper-module-imports@https://registry.npmjs.org/@babel/helper-module-imports/-/helper-module-imports-7.28.6.tgz 0ms (cache hit)
1506 http cache lru-cache@https://registry.npmjs.org/lru-cache/-/lru-cache-5.1.1.tgz 0ms (cache hit)
1507 http cache browserslist@https://registry.npmjs.org/browserslist/-/browserslist-4.28.1.tgz 0ms (cache hit)
1508 http cache @babel/helper-validator-option@https://registry.npmjs.org/@babel/helper-validator-option/-/helper-validator-option-7.27.1.tgz 0ms (cache hit)
1509 http cache @babel/compat-data@https://registry.npmjs.org/@babel/compat-data/-/compat-data-7.28.6.tgz 1ms (cache hit)
1510 http cache jsesc@https://registry.npmjs.org/jsesc/-/jsesc-3.1.0.tgz 0ms (cache hit)
1511 http cache @jridgewell/trace-mapping@https://registry.npmjs.org/@jridgewell/trace-mapping/-/trace-mapping-0.3.31.tgz 0ms (cache hit)
1512 http cache @jridgewell/gen-mapping@https://registry.npmjs.org/@jridgewell/gen-mapping/-/gen-mapping-0.3.13.tgz 0ms (cache hit)
1513 http cache picocolors@https://registry.npmjs.org/picocolors/-/picocolors-1.1.1.tgz 0ms (cache hit)
1514 http cache js-tokens@https://registry.npmjs.org/js-tokens/-/js-tokens-4.0.0.tgz 0ms (cache hit)
1515 http cache @babel/helper-validator-identifier@https://registry.npmjs.org/@babel/helper-validator-identifier/-/helper-validator-identifier-7.28.5.tgz 0ms (cache hit)
1516 http cache semver@https://registry.npmjs.org/semver/-/semver-6.3.1.tgz 0ms (cache hit)
1517 http cache json5@https://registry.npmjs.org/json5/-/json5-2.2.3.tgz 0ms (cache hit)
1518 http cache gensync@https://registry.npmjs.org/gensync/-/gensync-1.0.0-beta.2.tgz 0ms (cache hit)
1519 http cache debug@https://registry.npmjs.org/debug/-/debug-4.4.3.tgz 0ms (cache hit)
1520 http cache convert-source-map@https://registry.npmjs.org/convert-source-map/-/convert-source-map-2.0.0.tgz 0ms (cache hit)
1521 http cache @jridgewell/remapping@https://registry.npmjs.org/@jridgewell/remapping/-/remapping-2.3.5.tgz 0ms (cache hit)
1522 http cache @babel/traverse@https://registry.npmjs.org/@babel/traverse/-/traverse-7.28.6.tgz 0ms (cache hit)
1523 http cache @babel/types@https://registry.npmjs.org/@babel/types/-/types-7.28.6.tgz 0ms (cache hit)
1524 http cache @babel/template@https://registry.npmjs.org/@babel/template/-/template-7.28.6.tgz 0ms (cache hit)
1525 http cache @babel/parser@https://registry.npmjs.org/@babel/parser/-/parser-7.28.6.tgz 0ms (cache hit)
1526 http cache @babel/helpers@https://registry.npmjs.org/@babel/helpers/-/helpers-7.28.6.tgz 0ms (cache hit)
1527 http cache @babel/helper-module-transforms@https://registry.npmjs.org/@babel/helper-module-transforms/-/helper-module-transforms-7.28.6.tgz 0ms (cache hit)
1528 http cache @babel/generator@https://registry.npmjs.org/@babel/generator/-/generator-7.28.6.tgz 0ms (cache hit)
1529 http cache @babel/helper-compilation-targets@https://registry.npmjs.org/@babel/helper-compilation-targets/-/helper-compilation-targets-7.28.6.tgz 0ms (cache hit)
1530 http cache @babel/code-frame@https://registry.npmjs.org/@babel/code-frame/-/code-frame-7.28.6.tgz 0ms (cache hit)
1531 http cache react-refresh@https://registry.npmjs.org/react-refresh/-/react-refresh-0.17.0.tgz 0ms (cache hit)
1532 http cache @rolldown/pluginutils@https://registry.npmjs.org/@rolldown/pluginutils/-/pluginutils-1.0.0-beta.27.tgz 0ms (cache hit)
1533 http cache @types/babel__core@https://registry.npmjs.org/@types/babel__core/-/babel__core-7.20.5.tgz 0ms (cache hit)
1534 http cache @babel/plugin-transform-react-jsx-source@https://registry.npmjs.org/@babel/plugin-transform-react-jsx-source/-/plugin-transform-react-jsx-source-7.27.1.tgz 0ms (cache hit)
1535 http cache @babel/plugin-transform-react-jsx-self@https://registry.npmjs.org/@babel/plugin-transform-react-jsx-self/-/plugin-transform-react-jsx-self-7.27.1.tgz 0ms (cache hit)
1536 http cache @babel/core@https://registry.npmjs.org/@babel/core/-/core-7.28.6.tgz 0ms (cache hit)
1537 http cache csstype@https://registry.npmjs.org/csstype/-/csstype-3.2.3.tgz 0ms (cache hit)
1538 http cache @types/prop-types@https://registry.npmjs.org/@types/prop-types/-/prop-types-15.7.15.tgz 0ms (cache hit)
1539 http cache ws@https://registry.npmjs.org/ws/-/ws-8.19.0.tgz 0ms (cache hit)
1540 http cache google-auth-library@https://registry.npmjs.org/google-auth-library/-/google-auth-library-10.5.0.tgz 0ms (cache hit)
1541 http cache protobufjs@https://registry.npmjs.org/protobufjs/-/protobufjs-7.5.4.tgz 0ms (cache hit)
1542 http cache recharts@https://registry.npmjs.org/recharts/-/recharts-2.15.4.tgz 0ms (cache hit)
1543 http cache typescript@https://registry.npmjs.org/typescript/-/typescript-5.9.3.tgz 0ms (cache hit)
1544 http cache react-dom@https://registry.npmjs.org/react-dom/-/react-dom-18.3.1.tgz 0ms (cache hit)
1545 http cache react@https://registry.npmjs.org/react/-/react-18.3.1.tgz 0ms (cache hit)
1546 http cache lucide-react@https://registry.npmjs.org/lucide-react/-/lucide-react-0.344.0.tgz 0ms (cache hit)
1547 http cache vite@https://registry.npmjs.org/vite/-/vite-5.4.21.tgz 0ms (cache hit)
1548 http cache @types/react-dom@https://registry.npmjs.org/@types/react-dom/-/react-dom-18.3.7.tgz 0ms (cache hit)
1549 http cache @vitejs/plugin-react@https://registry.npmjs.org/@vitejs/plugin-react/-/plugin-react-4.7.0.tgz 0ms (cache hit)
1550 http cache @types/react@https://registry.npmjs.org/@types/react/-/react-18.3.27.tgz 0ms (cache hit)
1551 http cache @google/genai@https://registry.npmjs.org/@google/genai/-/genai-1.38.0.tgz 0ms (cache hit)
1552 http cache emoji-regex@https://registry.npmjs.org/emoji-regex/-/emoji-regex-8.0.0.tgz 0ms (cache hit)
1553 http cache string-width@https://registry.npmjs.org/string-width/-/string-width-4.2.3.tgz 0ms (cache hit)
1554 http cache ansi-styles@https://registry.npmjs.org/ansi-styles/-/ansi-styles-4.3.0.tgz 0ms (cache hit)
1555 http cache ansi-regex@https://registry.npmjs.org/ansi-regex/-/ansi-regex-5.0.1.tgz 0ms (cache hit)
1556 http cache strip-ansi@https://registry.npmjs.org/strip-ansi/-/strip-ansi-6.0.1.tgz 0ms (cache hit)
1557 http cache ansi-regex@https://registry.npmjs.org/ansi-regex/-/ansi-regex-5.0.1.tgz 0ms (cache hit)
1558 http cache emoji-regex@https://registry.npmjs.org/emoji-regex/-/emoji-regex-8.0.0.tgz 0ms (cache hit)
1559 http cache strip-ansi@https://registry.npmjs.org/strip-ansi/-/strip-ansi-6.0.1.tgz 0ms (cache hit)
1560 http cache react-is@https://registry.npmjs.org/react-is/-/react-is-16.13.1.tgz 0ms (cache hit)
1561 http cache lru-cache@https://registry.npmjs.org/lru-cache/-/lru-cache-10.4.3.tgz 0ms (cache hit)
1562 http cache ansi-regex@https://registry.npmjs.org/ansi-regex/-/ansi-regex-5.0.1.tgz 0ms (cache hit)
1563 silly tarball no local data for color-name@https://registry.npmjs.org/color-name/-/color-name-1.1.4.tgz. Extracting by manifest.
1564 silly tarball no local data for color-convert@https://registry.npmjs.org/color-convert/-/color-convert-2.0.1.tgz. Extracting by manifest.
1565 silly tarball no local data for ansi-styles@https://registry.npmjs.org/ansi-styles/-/ansi-styles-6.2.3.tgz. Extracting by manifest.
1566 silly tarball no local data for isexe@https://registry.npmjs.org/isexe/-/isexe-2.0.0.tgz. Extracting by manifest.
1567 silly tarball no local data for @types/estree@https://registry.npmjs.org/@types/estree/-/estree-1.0.8.tgz. Extracting by manifest.
1568 silly tarball no local data for @rollup/rollup-darwin-x64@https://registry.npmjs.org/@rollup/rollup-darwin-x64/-/rollup-darwin-x64-4.56.0.tgz. Extracting by manifest.
1569 silly tarball no local data for source-map-js@https://registry.npmjs.org/source-map-js/-/source-map-js-1.2.1.tgz. Extracting by manifest.
1570 silly tarball no local data for nanoid@https://registry.npmjs.org/nanoid/-/nanoid-3.3.11.tgz. Extracting by manifest.
1571 silly tarball no local data for @esbuild/darwin-x64@https://registry.npmjs.org/@esbuild/darwin-x64/-/darwin-x64-0.21.5.tgz. Extracting by manifest.
1572 silly tarball no local data for rollup@https://registry.npmjs.org/rollup/-/rollup-4.56.0.tgz. Extracting by manifest.
1573 silly tarball no local data for postcss@https://registry.npmjs.org/postcss/-/postcss-8.5.6.tgz. Extracting by manifest.
1574 silly tarball no local data for fsevents@https://registry.npmjs.org/fsevents/-/fsevents-2.3.3.tgz. Extracting by manifest.
1575 silly tarball no local data for esbuild@https://registry.npmjs.org/esbuild/-/esbuild-0.21.5.tgz. Extracting by manifest.
1576 silly tarball no local data for d3-path@https://registry.npmjs.org/d3-path/-/d3-path-3.1.0.tgz. Extracting by manifest.
1577 silly tarball no local data for d3-time-format@https://registry.npmjs.org/d3-time-format/-/d3-time-format-4.1.0.tgz. Extracting by manifest.
1578 silly tarball no local data for d3-format@https://registry.npmjs.org/d3-format/-/d3-format-3.1.2.tgz. Extracting by manifest.
1579 silly tarball no local data for d3-color@https://registry.npmjs.org/d3-color/-/d3-color-3.1.0.tgz. Extracting by manifest.
1580 silly tarball no local data for internmap@https://registry.npmjs.org/internmap/-/internmap-2.0.3.tgz. Extracting by manifest.
1581 silly tarball no local data for @types/d3-path@https://registry.npmjs.org/@types/d3-path/-/d3-path-3.1.1.tgz. Extracting by manifest.
1582 silly tarball no local data for d3-timer@https://registry.npmjs.org/d3-timer/-/d3-timer-3.0.1.tgz. Extracting by manifest.
1583 silly tarball no local data for @types/d3-color@https://registry.npmjs.org/@types/d3-color/-/d3-color-3.1.3.tgz. Extracting by manifest.
1584 silly tarball no local data for d3-time@https://registry.npmjs.org/d3-time/-/d3-time-3.1.0.tgz. Extracting by manifest.
1585 silly tarball no local data for d3-shape@https://registry.npmjs.org/d3-shape/-/d3-shape-3.2.0.tgz. Extracting by manifest.
1586 silly tarball no local data for d3-scale@https://registry.npmjs.org/d3-scale/-/d3-scale-4.0.2.tgz. Extracting by manifest.
1587 silly tarball no local data for d3-interpolate@https://registry.npmjs.org/d3-interpolate/-/d3-interpolate-3.0.1.tgz. Extracting by manifest.
1588 silly tarball no local data for d3-ease@https://registry.npmjs.org/d3-ease/-/d3-ease-3.0.1.tgz. Extracting by manifest.
1589 silly tarball no local data for d3-array@https://registry.npmjs.org/d3-array/-/d3-array-3.2.4.tgz. Extracting by manifest.
1590 silly tarball no local data for @types/d3-timer@https://registry.npmjs.org/@types/d3-timer/-/d3-timer-3.0.2.tgz. Extracting by manifest.
1591 silly tarball no local data for @types/d3-time@https://registry.npmjs.org/@types/d3-time/-/d3-time-3.0.4.tgz. Extracting by manifest.
1592 silly tarball no local data for @types/d3-shape@https://registry.npmjs.org/@types/d3-shape/-/d3-shape-3.1.8.tgz. Extracting by manifest.
1593 silly tarball no local data for @types/d3-scale@https://registry.npmjs.org/@types/d3-scale/-/d3-scale-4.0.9.tgz. Extracting by manifest.
1594 silly tarball no local data for @types/d3-interpolate@https://registry.npmjs.org/@types/d3-interpolate/-/d3-interpolate-3.0.4.tgz. Extracting by manifest.
1595 silly tarball no local data for @types/d3-ease@https://registry.npmjs.org/@types/d3-ease/-/d3-ease-3.0.2.tgz. Extracting by manifest.
1596 silly tarball no local data for @types/d3-array@https://registry.npmjs.org/@types/d3-array/-/d3-array-3.2.2.tgz. Extracting by manifest.
1597 silly tarball no local data for escalade@https://registry.npmjs.org/escalade/-/escalade-3.2.0.tgz. Extracting by manifest.
1598 silly tarball no local data for is-fullwidth-code-point@https://registry.npmjs.org/is-fullwidth-code-point/-/is-fullwidth-code-point-3.0.0.tgz. Extracting by manifest.
1599 silly tarball no local data for ansi-regex@https://registry.npmjs.org/ansi-regex/-/ansi-regex-6.2.2.tgz. Extracting by manifest.
1600 silly tarball no local data for emoji-regex@https://registry.npmjs.org/emoji-regex/-/emoji-regex-9.2.2.tgz. Extracting by manifest.
1601 silly tarball no local data for eastasianwidth@https://registry.npmjs.org/eastasianwidth/-/eastasianwidth-0.2.0.tgz. Extracting by manifest.
1602 silly tarball no local data for balanced-match@https://registry.npmjs.org/balanced-match/-/balanced-match-1.0.2.tgz. Extracting by manifest.
1603 silly tarball no local data for shebang-regex@https://registry.npmjs.org/shebang-regex/-/shebang-regex-3.0.0.tgz. Extracting by manifest.
1604 silly tarball no local data for brace-expansion@https://registry.npmjs.org/brace-expansion/-/brace-expansion-2.0.2.tgz. Extracting by manifest.
1605 silly tarball no local data for wrap-ansi-cjs@https://registry.npmjs.org/wrap-ansi/-/wrap-ansi-7.0.0.tgz. Extracting by manifest.
1606 silly tarball no local data for wrap-ansi@https://registry.npmjs.org/wrap-ansi/-/wrap-ansi-8.1.0.tgz. Extracting by manifest.
1607 silly tarball no local data for strip-ansi-cjs@https://registry.npmjs.org/strip-ansi/-/strip-ansi-6.0.1.tgz. Extracting by manifest.
1608 silly tarball no local data for strip-ansi@https://registry.npmjs.org/strip-ansi/-/strip-ansi-7.1.2.tgz. Extracting by manifest.
1609 silly tarball no local data for string-width@https://registry.npmjs.org/string-width/-/string-width-5.1.2.tgz. Extracting by manifest.
1610 silly tarball no local data for string-width-cjs@https://registry.npmjs.org/string-width/-/string-width-4.2.3.tgz. Extracting by manifest.
1611 silly tarball no local data for @pkgjs/parseargs@https://registry.npmjs.org/@pkgjs/parseargs/-/parseargs-0.11.0.tgz. Extracting by manifest.
1612 silly tarball no local data for @isaacs/cliui@https://registry.npmjs.org/@isaacs/cliui/-/cliui-8.0.2.tgz. Extracting by manifest.
1613 silly tarball no local data for which@https://registry.npmjs.org/which/-/which-2.0.2.tgz. Extracting by manifest.
1614 silly tarball no local data for shebang-command@https://registry.npmjs.org/shebang-command/-/shebang-command-2.0.0.tgz. Extracting by manifest.
1615 silly tarball no local data for path-key@https://registry.npmjs.org/path-key/-/path-key-3.1.1.tgz. Extracting by manifest.
1616 silly tarball no local data for signal-exit@https://registry.npmjs.org/signal-exit/-/signal-exit-4.1.0.tgz. Extracting by manifest.
1617 silly tarball no local data for cross-spawn@https://registry.npmjs.org/cross-spawn/-/cross-spawn-7.0.6.tgz. Extracting by manifest.
1618 silly tarball no local data for path-scurry@https://registry.npmjs.org/path-scurry/-/path-scurry-1.11.1.tgz. Extracting by manifest.
1619 silly tarball no local data for package-json-from-dist@https://registry.npmjs.org/package-json-from-dist/-/package-json-from-dist-1.0.1.tgz. Extracting by manifest.
1620 silly tarball no local data for minipass@https://registry.npmjs.org/minipass/-/minipass-7.1.2.tgz. Extracting by manifest.
1621 silly tarball no local data for minimatch@https://registry.npmjs.org/minimatch/-/minimatch-9.0.5.tgz. Extracting by manifest.
1622 silly tarball no local data for jackspeak@https://registry.npmjs.org/jackspeak/-/jackspeak-3.4.3.tgz. Extracting by manifest.
1623 silly tarball no local data for foreground-child@https://registry.npmjs.org/foreground-child/-/foreground-child-3.3.1.tgz. Extracting by manifest.
1624 silly tarball no local data for glob@https://registry.npmjs.org/glob/-/glob-10.5.0.tgz. Extracting by manifest.
1625 silly tarball no local data for dom-helpers@https://registry.npmjs.org/dom-helpers/-/dom-helpers-5.2.1.tgz. Extracting by manifest.
1626 silly tarball no local data for decimal.js-light@https://registry.npmjs.org/decimal.js-light/-/decimal.js-light-2.5.1.tgz. Extracting by manifest.
1627 silly tarball no local data for @babel/runtime@https://registry.npmjs.org/@babel/runtime/-/runtime-7.28.6.tgz. Extracting by manifest.
1628 silly tarball no local data for object-assign@https://registry.npmjs.org/object-assign/-/object-assign-4.1.1.tgz. Extracting by manifest.
1629 silly tarball no local data for react-transition-group@https://registry.npmjs.org/react-transition-group/-/react-transition-group-4.4.5.tgz. Extracting by manifest.
1630 silly tarball no local data for prop-types@https://registry.npmjs.org/prop-types/-/prop-types-15.8.1.tgz. Extracting by manifest.
1631 silly tarball no local data for fast-equals@https://registry.npmjs.org/fast-equals/-/fast-equals-5.4.0.tgz. Extracting by manifest.
1632 silly tarball no local data for victory-vendor@https://registry.npmjs.org/victory-vendor/-/victory-vendor-36.9.2.tgz. Extracting by manifest.
1633 silly tarball no local data for tiny-invariant@https://registry.npmjs.org/tiny-invariant/-/tiny-invariant-1.3.3.tgz. Extracting by manifest.
1634 silly tarball no local data for recharts-scale@https://registry.npmjs.org/recharts-scale/-/recharts-scale-0.4.5.tgz. Extracting by manifest.
1635 silly tarball no local data for react-smooth@https://registry.npmjs.org/react-smooth/-/react-smooth-4.0.4.tgz. Extracting by manifest.
1636 silly tarball no local data for react-is@https://registry.npmjs.org/react-is/-/react-is-18.3.1.tgz. Extracting by manifest.
1637 silly tarball no local data for lodash@https://registry.npmjs.org/lodash/-/lodash-4.17.23.tgz. Extracting by manifest.
1638 silly tarball no local data for eventemitter3@https://registry.npmjs.org/eventemitter3/-/eventemitter3-4.0.7.tgz. Extracting by manifest.
1639 silly tarball no local data for clsx@https://registry.npmjs.org/clsx/-/clsx-2.1.1.tgz. Extracting by manifest.
1640 silly tarball no local data for loose-envify@https://registry.npmjs.org/loose-envify/-/loose-envify-1.4.0.tgz. Extracting by manifest.
1641 silly tarball no local data for long@https://registry.npmjs.org/long/-/long-5.3.2.tgz. Extracting by manifest.
1642 silly tarball no local data for undici-types@https://registry.npmjs.org/undici-types/-/undici-types-7.16.0.tgz. Extracting by manifest.
1643 silly tarball no local data for @types/node@https://registry.npmjs.org/@types/node/-/node-25.0.10.tgz. Extracting by manifest.
1644 silly tarball no local data for @protobufjs/pool@https://registry.npmjs.org/@protobufjs/pool/-/pool-1.1.0.tgz. Extracting by manifest.
1645 silly tarball no local data for @protobufjs/path@https://registry.npmjs.org/@protobufjs/path/-/path-1.1.2.tgz. Extracting by manifest.
1646 silly tarball no local data for @protobufjs/utf8@https://registry.npmjs.org/@protobufjs/utf8/-/utf8-1.1.0.tgz. Extracting by manifest.
1647 silly tarball no local data for @protobufjs/inquire@https://registry.npmjs.org/@protobufjs/inquire/-/inquire-1.1.0.tgz. Extracting by manifest.
1648 silly tarball no local data for @protobufjs/float@https://registry.npmjs.org/@protobufjs/float/-/float-1.0.2.tgz. Extracting by manifest.
1649 silly tarball no local data for @protobufjs/fetch@https://registry.npmjs.org/@protobufjs/fetch/-/fetch-1.1.0.tgz. Extracting by manifest.
1650 silly tarball no local data for @protobufjs/eventemitter@https://registry.npmjs.org/@protobufjs/eventemitter/-/eventemitter-1.1.0.tgz. Extracting by manifest.
1651 silly tarball no local data for @protobufjs/codegen@https://registry.npmjs.org/@protobufjs/codegen/-/codegen-2.0.4.tgz. Extracting by manifest.
1652 silly tarball no local data for @protobufjs/base64@https://registry.npmjs.org/@protobufjs/base64/-/base64-1.1.2.tgz. Extracting by manifest.
1653 silly tarball no local data for scheduler@https://registry.npmjs.org/scheduler/-/scheduler-0.23.2.tgz. Extracting by manifest.
1654 silly tarball no local data for web-streams-polyfill@https://registry.npmjs.org/web-streams-polyfill/-/web-streams-polyfill-3.3.3.tgz. Extracting by manifest.
1655 silly tarball no local data for @protobufjs/aspromise@https://registry.npmjs.org/@protobufjs/aspromise/-/aspromise-1.1.2.tgz. Extracting by manifest.
1656 silly tarball no local data for node-domexception@https://registry.npmjs.org/node-domexception/-/node-domexception-1.0.0.tgz. Extracting by manifest.
1657 silly tarball no local data for formdata-polyfill@https://registry.npmjs.org/formdata-polyfill/-/formdata-polyfill-4.0.10.tgz. Extracting by manifest.
1658 silly tarball no local data for data-uri-to-buffer@https://registry.npmjs.org/data-uri-to-buffer/-/data-uri-to-buffer-4.0.1.tgz. Extracting by manifest.
1659 silly tarball no local data for yallist@https://registry.npmjs.org/yallist/-/yallist-3.1.1.tgz. Extracting by manifest.
1660 silly tarball no local data for buffer-equal-constant-time@https://registry.npmjs.org/buffer-equal-constant-time/-/buffer-equal-constant-time-1.0.1.tgz. Extracting by manifest.
1661 silly tarball no local data for fetch-blob@https://registry.npmjs.org/fetch-blob/-/fetch-blob-3.2.0.tgz. Extracting by manifest.
1662 silly tarball no local data for jwa@https://registry.npmjs.org/jwa/-/jwa-2.0.1.tgz. Extracting by manifest.
1663 silly tarball no local data for bignumber.js@https://registry.npmjs.org/bignumber.js/-/bignumber.js-9.3.1.tgz. Extracting by manifest.
1664 silly tarball no local data for agent-base@https://registry.npmjs.org/agent-base/-/agent-base-7.1.4.tgz. Extracting by manifest.
1665 silly tarball no local data for json-bigint@https://registry.npmjs.org/json-bigint/-/json-bigint-1.0.0.tgz. Extracting by manifest.
1666 silly tarball no local data for rimraf@https://registry.npmjs.org/rimraf/-/rimraf-5.0.10.tgz. Extracting by manifest.
1667 silly tarball no local data for node-fetch@https://registry.npmjs.org/node-fetch/-/node-fetch-3.3.2.tgz. Extracting by manifest.
1668 silly tarball no local data for https-proxy-agent@https://registry.npmjs.org/https-proxy-agent/-/https-proxy-agent-7.0.6.tgz. Extracting by manifest.
1669 silly tarball no local data for extend@https://registry.npmjs.org/extend/-/extend-3.0.2.tgz. Extracting by manifest.
1670 silly tarball no local data for safe-buffer@https://registry.npmjs.org/safe-buffer/-/safe-buffer-5.2.1.tgz. Extracting by manifest.
1671 silly tarball no local data for jws@https://registry.npmjs.org/jws/-/jws-4.0.1.tgz. Extracting by manifest.
1672 silly tarball no local data for gtoken@https://registry.npmjs.org/gtoken/-/gtoken-8.0.0.tgz. Extracting by manifest.
1673 silly tarball no local data for google-logging-utils@https://registry.npmjs.org/google-logging-utils/-/google-logging-utils-1.1.3.tgz. Extracting by manifest.
1674 silly tarball no local data for gcp-metadata@https://registry.npmjs.org/gcp-metadata/-/gcp-metadata-8.1.2.tgz. Extracting by manifest.
1675 silly tarball no local data for gaxios@https://registry.npmjs.org/gaxios/-/gaxios-7.1.3.tgz. Extracting by manifest.
1676 silly tarball no local data for base64-js@https://registry.npmjs.org/base64-js/-/base64-js-1.5.1.tgz. Extracting by manifest.
1677 silly tarball no local data for ms@https://registry.npmjs.org/ms/-/ms-2.1.3.tgz. Extracting by manifest.
1678 silly tarball no local data for update-browserslist-db@https://registry.npmjs.org/update-browserslist-db/-/update-browserslist-db-1.2.3.tgz. Extracting by manifest.
1679 silly tarball no local data for ecdsa-sig-formatter@https://registry.npmjs.org/ecdsa-sig-formatter/-/ecdsa-sig-formatter-1.0.11.tgz. Extracting by manifest.
1680 silly tarball no local data for node-releases@https://registry.npmjs.org/node-releases/-/node-releases-2.0.27.tgz. Extracting by manifest.
1681 silly tarball no local data for electron-to-chromium@https://registry.npmjs.org/electron-to-chromium/-/electron-to-chromium-1.5.278.tgz. Extracting by manifest.
1682 silly tarball no local data for caniuse-lite@https://registry.npmjs.org/caniuse-lite/-/caniuse-lite-1.0.30001766.tgz. Extracting by manifest.
1683 silly tarball no local data for baseline-browser-mapping@https://registry.npmjs.org/baseline-browser-mapping/-/baseline-browser-mapping-2.9.18.tgz. Extracting by manifest.
1684 silly tarball no local data for @types/babel__traverse@https://registry.npmjs.org/@types/babel__traverse/-/babel__traverse-7.28.0.tgz. Extracting by manifest.
1685 silly tarball no local data for @types/babel__template@https://registry.npmjs.org/@types/babel__template/-/babel__template-7.4.4.tgz. Extracting by manifest.
1686 silly tarball no local data for @types/babel__generator@https://registry.npmjs.org/@types/babel__generator/-/babel__generator-7.27.0.tgz. Extracting by manifest.
1687 silly tarball no local data for @jridgewell/resolve-uri@https://registry.npmjs.org/@jridgewell/resolve-uri/-/resolve-uri-3.1.2.tgz. Extracting by manifest.
1688 silly tarball no local data for @jridgewell/sourcemap-codec@https://registry.npmjs.org/@jridgewell/sourcemap-codec/-/sourcemap-codec-1.5.5.tgz. Extracting by manifest.
1689 silly tarball no local data for @babel/helper-string-parser@https://registry.npmjs.org/@babel/helper-string-parser/-/helper-string-parser-7.27.1.tgz. Extracting by manifest.
1690 silly tarball no local data for @babel/helper-globals@https://registry.npmjs.org/@babel/helper-globals/-/helper-globals-7.28.0.tgz. Extracting by manifest.
1691 silly tarball no local data for @babel/helper-plugin-utils@https://registry.npmjs.org/@babel/helper-plugin-utils/-/helper-plugin-utils-7.28.6.tgz. Extracting by manifest.
1692 silly tarball no local data for @babel/helper-module-imports@https://registry.npmjs.org/@babel/helper-module-imports/-/helper-module-imports-7.28.6.tgz. Extracting by manifest.
1693 silly tarball no local data for lru-cache@https://registry.npmjs.org/lru-cache/-/lru-cache-5.1.1.tgz. Extracting by manifest.
1694 silly tarball no local data for browserslist@https://registry.npmjs.org/browserslist/-/browserslist-4.28.1.tgz. Extracting by manifest.
1695 silly tarball no local data for @babel/helper-validator-option@https://registry.npmjs.org/@babel/helper-validator-option/-/helper-validator-option-7.27.1.tgz. Extracting by manifest.
1696 silly tarball no local data for @babel/compat-data@https://registry.npmjs.org/@babel/compat-data/-/compat-data-7.28.6.tgz. Extracting by manifest.
1697 silly tarball no local data for jsesc@https://registry.npmjs.org/jsesc/-/jsesc-3.1.0.tgz. Extracting by manifest.
1698 silly tarball no local data for @jridgewell/trace-mapping@https://registry.npmjs.org/@jridgewell/trace-mapping/-/trace-mapping-0.3.31.tgz. Extracting by manifest.
1699 silly tarball no local data for @jridgewell/gen-mapping@https://registry.npmjs.org/@jridgewell/gen-mapping/-/gen-mapping-0.3.13.tgz. Extracting by manifest.
1700 silly tarball no local data for picocolors@https://registry.npmjs.org/picocolors/-/picocolors-1.1.1.tgz. Extracting by manifest.
1701 silly tarball no local data for js-tokens@https://registry.npmjs.org/js-tokens/-/js-tokens-4.0.0.tgz. Extracting by manifest.
1702 silly tarball no local data for @babel/helper-validator-identifier@https://registry.npmjs.org/@babel/helper-validator-identifier/-/helper-validator-identifier-7.28.5.tgz. Extracting by manifest.
1703 silly tarball no local data for semver@https://registry.npmjs.org/semver/-/semver-6.3.1.tgz. Extracting by manifest.
1704 silly tarball no local data for json5@https://registry.npmjs.org/json5/-/json5-2.2.3.tgz. Extracting by manifest.
1705 silly tarball no local data for gensync@https://registry.npmjs.org/gensync/-/gensync-1.0.0-beta.2.tgz. Extracting by manifest.
1706 silly tarball no local data for debug@https://registry.npmjs.org/debug/-/debug-4.4.3.tgz. Extracting by manifest.
1707 silly tarball no local data for convert-source-map@https://registry.npmjs.org/convert-source-map/-/convert-source-map-2.0.0.tgz. Extracting by manifest.
1708 silly tarball no local data for @jridgewell/remapping@https://registry.npmjs.org/@jridgewell/remapping/-/remapping-2.3.5.tgz. Extracting by manifest.
1709 silly tarball no local data for @babel/traverse@https://registry.npmjs.org/@babel/traverse/-/traverse-7.28.6.tgz. Extracting by manifest.
1710 silly tarball no local data for @babel/types@https://registry.npmjs.org/@babel/types/-/types-7.28.6.tgz. Extracting by manifest.
1711 silly tarball no local data for @babel/template@https://registry.npmjs.org/@babel/template/-/template-7.28.6.tgz. Extracting by manifest.
1712 silly tarball no local data for @babel/parser@https://registry.npmjs.org/@babel/parser/-/parser-7.28.6.tgz. Extracting by manifest.
1713 silly tarball no local data for @babel/helpers@https://registry.npmjs.org/@babel/helpers/-/helpers-7.28.6.tgz. Extracting by manifest.
1714 silly tarball no local data for @babel/helper-module-transforms@https://registry.npmjs.org/@babel/helper-module-transforms/-/helper-module-transforms-7.28.6.tgz. Extracting by manifest.
1715 silly tarball no local data for @babel/generator@https://registry.npmjs.org/@babel/generator/-/generator-7.28.6.tgz. Extracting by manifest.
1716 silly tarball no local data for @babel/helper-compilation-targets@https://registry.npmjs.org/@babel/helper-compilation-targets/-/helper-compilation-targets-7.28.6.tgz. Extracting by manifest.
1717 silly tarball no local data for @babel/code-frame@https://registry.npmjs.org/@babel/code-frame/-/code-frame-7.28.6.tgz. Extracting by manifest.
1718 silly tarball no local data for react-refresh@https://registry.npmjs.org/react-refresh/-/react-refresh-0.17.0.tgz. Extracting by manifest.
1719 silly tarball no local data for @rolldown/pluginutils@https://registry.npmjs.org/@rolldown/pluginutils/-/pluginutils-1.0.0-beta.27.tgz. Extracting by manifest.
1720 silly tarball no local data for @types/babel__core@https://registry.npmjs.org/@types/babel__core/-/babel__core-7.20.5.tgz. Extracting by manifest.
1721 silly tarball no local data for @babel/plugin-transform-react-jsx-source@https://registry.npmjs.org/@babel/plugin-transform-react-jsx-source/-/plugin-transform-react-jsx-source-7.27.1.tgz. Extracting by manifest.
1722 silly tarball no local data for @babel/plugin-transform-react-jsx-self@https://registry.npmjs.org/@babel/plugin-transform-react-jsx-self/-/plugin-transform-react-jsx-self-7.27.1.tgz. Extracting by manifest.
1723 silly tarball no local data for @babel/core@https://registry.npmjs.org/@babel/core/-/core-7.28.6.tgz. Extracting by manifest.
1724 silly tarball no local data for csstype@https://registry.npmjs.org/csstype/-/csstype-3.2.3.tgz. Extracting by manifest.
1725 silly tarball no local data for @types/prop-types@https://registry.npmjs.org/@types/prop-types/-/prop-types-15.7.15.tgz. Extracting by manifest.
1726 silly tarball no local data for ws@https://registry.npmjs.org/ws/-/ws-8.19.0.tgz. Extracting by manifest.
1727 silly tarball no local data for google-auth-library@https://registry.npmjs.org/google-auth-library/-/google-auth-library-10.5.0.tgz. Extracting by manifest.
1728 silly tarball no local data for protobufjs@https://registry.npmjs.org/protobufjs/-/protobufjs-7.5.4.tgz. Extracting by manifest.
1729 silly tarball no local data for recharts@https://registry.npmjs.org/recharts/-/recharts-2.15.4.tgz. Extracting by manifest.
1730 silly tarball no local data for typescript@https://registry.npmjs.org/typescript/-/typescript-5.9.3.tgz. Extracting by manifest.
1731 silly tarball no local data for react-dom@https://registry.npmjs.org/react-dom/-/react-dom-18.3.1.tgz. Extracting by manifest.
1732 silly tarball no local data for react@https://registry.npmjs.org/react/-/react-18.3.1.tgz. Extracting by manifest.
1733 silly tarball no local data for lucide-react@https://registry.npmjs.org/lucide-react/-/lucide-react-0.344.0.tgz. Extracting by manifest.
1734 silly tarball no local data for vite@https://registry.npmjs.org/vite/-/vite-5.4.21.tgz. Extracting by manifest.
1735 silly tarball no local data for @types/react-dom@https://registry.npmjs.org/@types/react-dom/-/react-dom-18.3.7.tgz. Extracting by manifest.
1736 silly tarball no local data for @vitejs/plugin-react@https://registry.npmjs.org/@vitejs/plugin-react/-/plugin-react-4.7.0.tgz. Extracting by manifest.
1737 silly tarball no local data for @types/react@https://registry.npmjs.org/@types/react/-/react-18.3.27.tgz. Extracting by manifest.
1738 silly tarball no local data for @google/genai@https://registry.npmjs.org/@google/genai/-/genai-1.38.0.tgz. Extracting by manifest.
1739 silly tarball no local data for emoji-regex@https://registry.npmjs.org/emoji-regex/-/emoji-regex-8.0.0.tgz. Extracting by manifest.
1740 silly tarball no local data for string-width@https://registry.npmjs.org/string-width/-/string-width-4.2.3.tgz. Extracting by manifest.
1741 silly tarball no local data for ansi-styles@https://registry.npmjs.org/ansi-styles/-/ansi-styles-4.3.0.tgz. Extracting by manifest.
1742 silly tarball no local data for ansi-regex@https://registry.npmjs.org/ansi-regex/-/ansi-regex-5.0.1.tgz. Extracting by manifest.
1743 silly tarball no local data for strip-ansi@https://registry.npmjs.org/strip-ansi/-/strip-ansi-6.0.1.tgz. Extracting by manifest.
1744 silly tarball no local data for ansi-regex@https://registry.npmjs.org/ansi-regex/-/ansi-regex-5.0.1.tgz. Extracting by manifest.
1745 silly tarball no local data for emoji-regex@https://registry.npmjs.org/emoji-regex/-/emoji-regex-8.0.0.tgz. Extracting by manifest.
1746 silly tarball no local data for strip-ansi@https://registry.npmjs.org/strip-ansi/-/strip-ansi-6.0.1.tgz. Extracting by manifest.
1747 silly tarball no local data for react-is@https://registry.npmjs.org/react-is/-/react-is-16.13.1.tgz. Extracting by manifest.
1748 silly tarball no local data for lru-cache@https://registry.npmjs.org/lru-cache/-/lru-cache-10.4.3.tgz. Extracting by manifest.
1749 silly tarball no local data for ansi-regex@https://registry.npmjs.org/ansi-regex/-/ansi-regex-5.0.1.tgz. Extracting by manifest.
1750 http fetch POST 200 https://registry.npmjs.org/-/npm/v1/security/advisories/bulk 1025ms
1751 silly audit report {
1751 silly audit report   esbuild: [
1751 silly audit report     {
1751 silly audit report       id: 1102341,
1751 silly audit report       url: 'https://github.com/advisories/GHSA-67mh-4wv8-2f99',
1751 silly audit report       title: 'esbuild enables any website to send any requests to the development server and read the response',
1751 silly audit report       severity: 'moderate',
1751 silly audit report       vulnerable_versions: '<=0.24.2',
1751 silly audit report       cwe: [Array],
1751 silly audit report       cvss: [Object]
1751 silly audit report     }
1751 silly audit report   ]
1751 silly audit report }
1752 silly packumentCache corgi:https://registry.npmjs.org/esbuild cache-miss
1753 http fetch GET 200 https://registry.npmjs.org/color-convert/-/color-convert-2.0.1.tgz 672ms (cache miss)
1754 http fetch GET 200 https://registry.npmjs.org/color-name/-/color-name-1.1.4.tgz 675ms (cache miss)
1755 http fetch GET 200 https://registry.npmjs.org/d3-color/-/d3-color-3.1.0.tgz 927ms (cache miss)
1756 http fetch GET 200 https://registry.npmjs.org/internmap/-/internmap-2.0.3.tgz 1051ms (cache miss)
1757 http fetch GET 200 https://registry.npmjs.org/d3-timer/-/d3-timer-3.0.1.tgz 1051ms (cache miss)
1758 http fetch GET 200 https://registry.npmjs.org/@types/d3-path/-/d3-path-3.1.1.tgz 1057ms (cache miss)
1759 http fetch GET 200 https://registry.npmjs.org/d3-time-format/-/d3-time-format-4.1.0.tgz 1088ms (cache miss)
1760 http fetch GET 200 https://registry.npmjs.org/d3-format/-/d3-format-3.1.2.tgz 1127ms (cache miss)
1761 http fetch GET 200 https://registry.npmjs.org/@types/d3-color/-/d3-color-3.1.3.tgz 1364ms (cache miss)
1762 http fetch GET 200 https://registry.npmjs.org/d3-time/-/d3-time-3.1.0.tgz 1442ms (cache miss)
1763 http fetch GET 200 https://registry.npmjs.org/ansi-styles/-/ansi-styles-6.2.3.tgz 1563ms (cache miss)
1764 http fetch GET 200 https://registry.npmjs.org/d3-path/-/d3-path-3.1.0.tgz 1556ms (cache miss)
1765 http fetch GET 200 https://registry.npmjs.org/isexe/-/isexe-2.0.0.tgz 1590ms (cache miss)
1766 http fetch GET 200 https://registry.npmjs.org/@types/estree/-/estree-1.0.8.tgz 1595ms (cache miss)
1767 http fetch GET 200 https://registry.npmjs.org/fsevents/-/fsevents-2.3.3.tgz 1632ms (cache miss)
1768 http fetch GET 200 https://registry.npmjs.org/esbuild/-/esbuild-0.21.5.tgz 1664ms (cache miss)
1769 http fetch GET 200 https://registry.npmjs.org/nanoid/-/nanoid-3.3.11.tgz 1693ms (cache miss)
1770 http fetch GET 200 https://registry.npmjs.org/source-map-js/-/source-map-js-1.2.1.tgz 1779ms (cache miss)
1771 http fetch GET 200 https://registry.npmjs.org/d3-ease/-/d3-ease-3.0.1.tgz 1826ms (cache miss)
1772 http fetch GET 200 https://registry.npmjs.org/d3-scale/-/d3-scale-4.0.2.tgz 1882ms (cache miss)
1773 http fetch GET 200 https://registry.npmjs.org/d3-interpolate/-/d3-interpolate-3.0.1.tgz 1888ms (cache miss)
1774 http fetch GET 200 https://registry.npmjs.org/postcss/-/postcss-8.5.6.tgz 2382ms (cache miss)
1775 http fetch GET 200 https://registry.npmjs.org/ansi-regex/-/ansi-regex-6.2.2.tgz 2362ms (cache miss)
1776 http fetch GET 200 https://registry.npmjs.org/@types/d3-timer/-/d3-timer-3.0.2.tgz 2372ms (cache miss)
1777 http fetch GET 200 https://registry.npmjs.org/is-fullwidth-code-point/-/is-fullwidth-code-point-3.0.0.tgz 2373ms (cache miss)
1778 http fetch GET 200 https://registry.npmjs.org/@types/d3-ease/-/d3-ease-3.0.2.tgz 2377ms (cache miss)
1779 http fetch GET 200 https://registry.npmjs.org/@types/d3-interpolate/-/d3-interpolate-3.0.4.tgz 2381ms (cache miss)
1780 http fetch GET 200 https://registry.npmjs.org/@types/d3-time/-/d3-time-3.0.4.tgz 2384ms (cache miss)
1781 http fetch GET 200 https://registry.npmjs.org/eastasianwidth/-/eastasianwidth-0.2.0.tgz 2407ms (cache miss)
1782 http fetch GET 200 https://registry.npmjs.org/escalade/-/escalade-3.2.0.tgz 2412ms (cache miss)
1783 http fetch GET 200 https://registry.npmjs.org/@types/d3-array/-/d3-array-3.2.2.tgz 2426ms (cache miss)
1784 http fetch GET 200 https://registry.npmjs.org/@types/d3-scale/-/d3-scale-4.0.9.tgz 2436ms (cache miss)
1785 http fetch GET 200 https://registry.npmjs.org/@types/d3-shape/-/d3-shape-3.1.8.tgz 2445ms (cache miss)
1786 http fetch GET 200 https://registry.npmjs.org/emoji-regex/-/emoji-regex-9.2.2.tgz 2441ms (cache miss)
1787 http fetch GET 200 https://registry.npmjs.org/rollup/-/rollup-4.56.0.tgz 2484ms (cache miss)
1788 http fetch GET 200 https://registry.npmjs.org/d3-shape/-/d3-shape-3.2.0.tgz 2483ms (cache miss)
1789 http fetch GET 200 https://registry.npmjs.org/d3-array/-/d3-array-3.2.4.tgz 2520ms (cache miss)
1790 http fetch GET 200 https://registry.npmjs.org/balanced-match/-/balanced-match-1.0.2.tgz 2695ms (cache miss)
1791 http fetch GET 200 https://registry.npmjs.org/shebang-regex/-/shebang-regex-3.0.0.tgz 2697ms (cache miss)
1792 http fetch GET 200 https://registry.npmjs.org/brace-expansion/-/brace-expansion-2.0.2.tgz 2698ms (cache miss)
1793 http fetch GET 200 https://registry.npmjs.org/wrap-ansi/-/wrap-ansi-7.0.0.tgz 2742ms (cache miss)
1794 http fetch GET 200 https://registry.npmjs.org/wrap-ansi/-/wrap-ansi-8.1.0.tgz 2754ms (cache miss)
1795 http fetch GET 200 https://registry.npmjs.org/strip-ansi/-/strip-ansi-6.0.1.tgz 2811ms (cache miss)
1796 http fetch GET 200 https://registry.npmjs.org/shebang-command/-/shebang-command-2.0.0.tgz 2849ms (cache miss)
1797 http fetch GET 200 https://registry.npmjs.org/string-width/-/string-width-4.2.3.tgz 2853ms (cache miss)
1798 http fetch GET 200 https://registry.npmjs.org/strip-ansi/-/strip-ansi-7.1.2.tgz 2855ms (cache miss)
1799 http fetch GET 200 https://registry.npmjs.org/string-width/-/string-width-5.1.2.tgz 2856ms (cache miss)
1800 http fetch GET 200 https://registry.npmjs.org/which/-/which-2.0.2.tgz 2855ms (cache miss)
1801 http fetch GET 200 https://registry.npmjs.org/@pkgjs/parseargs/-/parseargs-0.11.0.tgz 2866ms (cache miss)
1802 http fetch GET 200 https://registry.npmjs.org/@isaacs/cliui/-/cliui-8.0.2.tgz 2880ms (cache miss)
1803 http fetch GET 200 https://registry.npmjs.org/@rollup/rollup-darwin-x64/-/rollup-darwin-x64-4.56.0.tgz 2987ms (cache miss)
1804 http fetch GET 200 https://registry.npmjs.org/cross-spawn/-/cross-spawn-7.0.6.tgz 3086ms (cache miss)
1805 http fetch GET 200 https://registry.npmjs.org/path-scurry/-/path-scurry-1.11.1.tgz 3132ms (cache miss)
1806 http fetch GET 200 https://registry.npmjs.org/package-json-from-dist/-/package-json-from-dist-1.0.1.tgz 3139ms (cache miss)
1807 http fetch GET 200 https://registry.npmjs.org/signal-exit/-/signal-exit-4.1.0.tgz 3151ms (cache miss)
1808 http fetch GET 200 https://registry.npmjs.org/minipass/-/minipass-7.1.2.tgz 3162ms (cache miss)
1809 http fetch GET 200 https://registry.npmjs.org/path-key/-/path-key-3.1.1.tgz 3245ms (cache miss)
1810 http fetch GET 200 https://registry.npmjs.org/object-assign/-/object-assign-4.1.1.tgz 3446ms (cache miss)
1811 http fetch GET 200 https://registry.npmjs.org/decimal.js-light/-/decimal.js-light-2.5.1.tgz 3472ms (cache miss)
1812 http fetch GET 200 https://registry.npmjs.org/jackspeak/-/jackspeak-3.4.3.tgz 3509ms (cache miss)
1813 http fetch GET 200 https://registry.npmjs.org/prop-types/-/prop-types-15.8.1.tgz 3850ms (cache miss)
1814 http fetch GET 200 https://registry.npmjs.org/clsx/-/clsx-2.1.1.tgz 4055ms (cache miss)
1815 http fetch GET 200 https://registry.npmjs.org/@protobufjs/inquire/-/inquire-1.1.0.tgz 4097ms (cache miss)
1816 http fetch GET 200 https://registry.npmjs.org/react-is/-/react-is-18.3.1.tgz 4117ms (cache miss)
1817 http fetch GET 200 https://registry.npmjs.org/@protobufjs/path/-/path-1.1.2.tgz 4135ms (cache miss)
1818 http fetch GET 200 https://registry.npmjs.org/loose-envify/-/loose-envify-1.4.0.tgz 4154ms (cache miss)
1819 http fetch GET 200 https://registry.npmjs.org/@protobufjs/eventemitter/-/eventemitter-1.1.0.tgz 4214ms (cache miss)
1820 http fetch GET 200 https://registry.npmjs.org/@protobufjs/float/-/float-1.0.2.tgz 4232ms (cache miss)
1821 http fetch GET 200 https://registry.npmjs.org/@protobufjs/utf8/-/utf8-1.1.0.tgz 4243ms (cache miss)
1822 http fetch GET 200 https://registry.npmjs.org/@protobufjs/codegen/-/codegen-2.0.4.tgz 4316ms (cache miss)
1823 http fetch GET 200 https://registry.npmjs.org/@protobufjs/fetch/-/fetch-1.1.0.tgz 4410ms (cache miss)
1824 http fetch GET 200 https://registry.npmjs.org/@protobufjs/base64/-/base64-1.1.2.tgz 4424ms (cache miss)
1825 http fetch GET 200 https://registry.npmjs.org/tiny-invariant/-/tiny-invariant-1.3.3.tgz 4494ms (cache miss)
1826 http fetch GET 200 https://registry.npmjs.org/long/-/long-5.3.2.tgz 4515ms (cache miss)
1827 http fetch GET 200 https://registry.npmjs.org/eventemitter3/-/eventemitter3-4.0.7.tgz 4546ms (cache miss)
1828 http fetch GET 200 https://registry.npmjs.org/yallist/-/yallist-3.1.1.tgz 4507ms (cache miss)
1829 http fetch GET 200 https://registry.npmjs.org/node-domexception/-/node-domexception-1.0.0.tgz 4519ms (cache miss)
1830 http fetch GET 200 https://registry.npmjs.org/fetch-blob/-/fetch-blob-3.2.0.tgz 4514ms (cache miss)
1831 http fetch GET 200 https://registry.npmjs.org/data-uri-to-buffer/-/data-uri-to-buffer-4.0.1.tgz 4531ms (cache miss)
1832 http fetch GET 200 https://registry.npmjs.org/minimatch/-/minimatch-9.0.5.tgz 4596ms (cache miss)
1833 http fetch GET 200 https://registry.npmjs.org/jwa/-/jwa-2.0.1.tgz 4537ms (cache miss)
1834 http fetch GET 200 https://registry.npmjs.org/buffer-equal-constant-time/-/buffer-equal-constant-time-1.0.1.tgz 4725ms (cache miss)
1835 http fetch GET 200 https://registry.npmjs.org/undici-types/-/undici-types-7.16.0.tgz 5694ms (cache miss)
1836 http fetch GET 200 https://registry.npmjs.org/scheduler/-/scheduler-0.23.2.tgz 5674ms (cache miss)
1837 http fetch GET 200 https://registry.npmjs.org/extend/-/extend-3.0.2.tgz 6050ms (cache miss)
1838 http fetch GET 200 https://registry.npmjs.org/json-bigint/-/json-bigint-1.0.0.tgz 6056ms (cache miss)
1839 http fetch GET 200 https://registry.npmjs.org/safe-buffer/-/safe-buffer-5.2.1.tgz 6215ms (cache miss)
1840 http fetch GET 200 https://registry.npmjs.org/recharts-scale/-/recharts-scale-0.4.5.tgz 6330ms (cache miss)
1841 http fetch GET 200 https://registry.npmjs.org/jws/-/jws-4.0.1.tgz 6333ms (cache miss)
1842 http fetch GET 200 https://registry.npmjs.org/ms/-/ms-2.1.3.tgz 6398ms (cache miss)
1843 http fetch GET 200 https://registry.npmjs.org/base64-js/-/base64-js-1.5.1.tgz 6400ms (cache miss)
1844 http fetch GET 200 https://registry.npmjs.org/node-releases/-/node-releases-2.0.27.tgz 6449ms (cache miss)
1845 http fetch GET 200 https://registry.npmjs.org/ecdsa-sig-formatter/-/ecdsa-sig-formatter-1.0.11.tgz 6460ms (cache miss)
1846 http fetch GET 200 https://registry.npmjs.org/update-browserslist-db/-/update-browserslist-db-1.2.3.tgz 6466ms (cache miss)
1847 http fetch GET 200 https://registry.npmjs.org/@types/babel__traverse/-/babel__traverse-7.28.0.tgz 6787ms (cache miss)
1848 http fetch GET 200 https://registry.npmjs.org/lru-cache/-/lru-cache-5.1.1.tgz 6776ms (cache miss)
1849 http fetch GET 200 https://registry.npmjs.org/@babel/helper-string-parser/-/helper-string-parser-7.27.1.tgz 6800ms (cache miss)
1850 http fetch GET 200 https://registry.npmjs.org/@babel/helper-globals/-/helper-globals-7.28.0.tgz 6800ms (cache miss)
1851 http fetch GET 200 https://registry.npmjs.org/@types/babel__template/-/babel__template-7.4.4.tgz 6809ms (cache miss)
1852 http fetch GET 200 https://registry.npmjs.org/agent-base/-/agent-base-7.1.4.tgz 6836ms (cache miss)
1853 http fetch GET 200 https://registry.npmjs.org/@types/babel__generator/-/babel__generator-7.27.0.tgz 6821ms (cache miss)
1854 http fetch GET 200 https://registry.npmjs.org/@babel/compat-data/-/compat-data-7.28.6.tgz 6809ms (cache miss)
1855 http fetch GET 200 https://registry.npmjs.org/@babel/helper-validator-option/-/helper-validator-option-7.27.1.tgz 6810ms (cache miss)
1856 http fetch GET 200 https://registry.npmjs.org/gtoken/-/gtoken-8.0.0.tgz 6928ms (cache miss)
1857 http fetch GET 200 https://registry.npmjs.org/@babel/helper-plugin-utils/-/helper-plugin-utils-7.28.6.tgz 6915ms (cache miss)
1858 http fetch GET 200 https://registry.npmjs.org/electron-to-chromium/-/electron-to-chromium-1.5.278.tgz 6957ms (cache miss)
1859 http fetch GET 200 https://registry.npmjs.org/picocolors/-/picocolors-1.1.1.tgz 6933ms (cache miss)
1860 http fetch GET 200 https://registry.npmjs.org/https-proxy-agent/-/https-proxy-agent-7.0.6.tgz 6982ms (cache miss)
1861 http fetch GET 200 https://registry.npmjs.org/bignumber.js/-/bignumber.js-9.3.1.tgz 6985ms (cache miss)
1862 http fetch GET 200 https://registry.npmjs.org/debug/-/debug-4.4.3.tgz 6968ms (cache miss)
1863 http fetch GET 200 https://registry.npmjs.org/formdata-polyfill/-/formdata-polyfill-4.0.10.tgz 7056ms (cache miss)
1864 http fetch GET 200 https://registry.npmjs.org/@protobufjs/aspromise/-/aspromise-1.1.2.tgz 7082ms (cache miss)
1865 http fetch GET 200 https://registry.npmjs.org/@protobufjs/pool/-/pool-1.1.0.tgz 7113ms (cache miss)
1866 http fetch GET 200 https://registry.npmjs.org/js-tokens/-/js-tokens-4.0.0.tgz 7042ms (cache miss)
1867 http fetch GET 200 https://registry.npmjs.org/jsesc/-/jsesc-3.1.0.tgz 7061ms (cache miss)
1868 http fetch GET 200 https://registry.npmjs.org/gensync/-/gensync-1.0.0-beta.2.tgz 7088ms (cache miss)
1869 http fetch GET 200 https://registry.npmjs.org/@jridgewell/resolve-uri/-/resolve-uri-3.1.2.tgz 7118ms (cache miss)
1870 http fetch GET 200 https://registry.npmjs.org/browserslist/-/browserslist-4.28.1.tgz 7108ms (cache miss)
1871 http fetch GET 200 https://registry.npmjs.org/semver/-/semver-6.3.1.tgz 7101ms (cache miss)
1872 http fetch GET 200 https://registry.npmjs.org/gcp-metadata/-/gcp-metadata-8.1.2.tgz 7162ms (cache miss)
1873 http fetch GET 200 https://registry.npmjs.org/convert-source-map/-/convert-source-map-2.0.0.tgz 7136ms (cache miss)
1874 http fetch GET 200 https://registry.npmjs.org/@jridgewell/remapping/-/remapping-2.3.5.tgz 7137ms (cache miss)
1875 http fetch GET 200 https://registry.npmjs.org/@babel/helper-module-imports/-/helper-module-imports-7.28.6.tgz 7309ms (cache miss)
1876 http fetch GET 200 https://registry.npmjs.org/@babel/helper-validator-identifier/-/helper-validator-identifier-7.28.5.tgz 7299ms (cache miss)
1877 http fetch GET 200 https://registry.npmjs.org/react-refresh/-/react-refresh-0.17.0.tgz 7365ms (cache miss)
1878 http fetch GET 200 https://registry.npmjs.org/@rolldown/pluginutils/-/pluginutils-1.0.0-beta.27.tgz 7372ms (cache miss)
1879 http fetch GET 200 https://registry.npmjs.org/@babel/plugin-transform-react-jsx-source/-/plugin-transform-react-jsx-source-7.27.1.tgz 7378ms (cache miss)
1880 http fetch GET 200 https://registry.npmjs.org/baseline-browser-mapping/-/baseline-browser-mapping-2.9.18.tgz 7427ms (cache miss)
1881 http fetch GET 200 https://registry.npmjs.org/@types/babel__core/-/babel__core-7.20.5.tgz 7383ms (cache miss)
1882 http fetch GET 200 https://registry.npmjs.org/@babel/plugin-transform-react-jsx-self/-/plugin-transform-react-jsx-self-7.27.1.tgz 7386ms (cache miss)
1883 http fetch GET 200 https://registry.npmjs.org/@babel/code-frame/-/code-frame-7.28.6.tgz 7396ms (cache miss)
1884 http fetch GET 200 https://registry.npmjs.org/@types/prop-types/-/prop-types-15.7.15.tgz 7390ms (cache miss)
1885 http fetch GET 200 https://registry.npmjs.org/react-smooth/-/react-smooth-4.0.4.tgz 7692ms (cache miss)
1886 http fetch GET 200 https://registry.npmjs.org/react-transition-group/-/react-transition-group-4.4.5.tgz 7703ms (cache miss)
1887 http fetch GET 200 https://registry.npmjs.org/foreground-child/-/foreground-child-3.3.1.tgz 7725ms (cache miss)
1888 http fetch GET 200 https://registry.npmjs.org/google-logging-utils/-/google-logging-utils-1.1.3.tgz 7651ms (cache miss)
1889 http fetch GET 200 https://registry.npmjs.org/fast-equals/-/fast-equals-5.4.0.tgz 7728ms (cache miss)
1890 http fetch GET 200 https://registry.npmjs.org/node-fetch/-/node-fetch-3.3.2.tgz 7696ms (cache miss)
1891 http fetch GET 200 https://registry.npmjs.org/@babel/helper-compilation-targets/-/helper-compilation-targets-7.28.6.tgz 7708ms (cache miss)
1892 http fetch GET 200 https://registry.npmjs.org/@babel/helper-module-transforms/-/helper-module-transforms-7.28.6.tgz 7745ms (cache miss)
1893 http fetch GET 200 https://registry.npmjs.org/@babel/template/-/template-7.28.6.tgz 7751ms (cache miss)
1894 warn deprecated node-domexception@1.0.0: Use your platform's native DOMException instead
1895 http fetch GET 200 https://registry.npmjs.org/@jridgewell/sourcemap-codec/-/sourcemap-codec-1.5.5.tgz 7809ms (cache miss)
1896 http fetch GET 200 https://registry.npmjs.org/json5/-/json5-2.2.3.tgz 7791ms (cache miss)
1897 http fetch GET 200 https://registry.npmjs.org/ws/-/ws-8.19.0.tgz 7837ms (cache miss)
1898 http fetch GET 200 https://registry.npmjs.org/@jridgewell/gen-mapping/-/gen-mapping-0.3.13.tgz 8033ms (cache miss)
1899 http fetch GET 200 https://registry.npmjs.org/react/-/react-18.3.1.tgz 8079ms (cache miss)
1900 http fetch GET 200 https://registry.npmjs.org/csstype/-/csstype-3.2.3.tgz 8092ms (cache miss)
1901 http fetch GET 200 https://registry.npmjs.org/@types/react-dom/-/react-dom-18.3.7.tgz 8333ms (cache miss)
1902 http fetch GET 200 https://registry.npmjs.org/@vitejs/plugin-react/-/plugin-react-4.7.0.tgz 8388ms (cache miss)
1903 http fetch GET 200 https://registry.npmjs.org/@babel/parser/-/parser-7.28.6.tgz 8499ms (cache miss)
1904 http fetch GET 200 https://registry.npmjs.org/@jridgewell/trace-mapping/-/trace-mapping-0.3.31.tgz 8561ms (cache miss)
1905 http fetch GET 200 https://registry.npmjs.org/emoji-regex/-/emoji-regex-8.0.0.tgz 8750ms (cache miss)
1906 http fetch GET 200 https://registry.npmjs.org/string-width/-/string-width-4.2.3.tgz 8729ms (cache miss)
1907 http fetch GET 200 https://registry.npmjs.org/glob/-/glob-10.5.0.tgz 8928ms (cache miss)
1908 http fetch GET 200 https://registry.npmjs.org/ansi-regex/-/ansi-regex-5.0.1.tgz 8791ms (cache miss)
1909 http fetch GET 200 https://registry.npmjs.org/ansi-styles/-/ansi-styles-4.3.0.tgz 8814ms (cache miss)
1910 http fetch GET 200 https://registry.npmjs.org/strip-ansi/-/strip-ansi-6.0.1.tgz 8832ms (cache miss)
1911 http fetch GET 200 https://registry.npmjs.org/@types/react/-/react-18.3.27.tgz 9180ms (cache miss)
1912 http fetch GET 200 https://registry.npmjs.org/ansi-regex/-/ansi-regex-5.0.1.tgz 9210ms (cache miss)
1913 http fetch GET 200 https://registry.npmjs.org/@babel/generator/-/generator-7.28.6.tgz 9400ms (cache miss)
1914 http fetch GET 200 https://registry.npmjs.org/emoji-regex/-/emoji-regex-8.0.0.tgz 9386ms (cache miss)
1915 http fetch GET 200 https://registry.npmjs.org/@types/node/-/node-25.0.10.tgz 9624ms (cache miss)
1916 http fetch GET 200 https://registry.npmjs.org/strip-ansi/-/strip-ansi-6.0.1.tgz 9410ms (cache miss)
1917 http fetch GET 200 https://registry.npmjs.org/react-is/-/react-is-16.13.1.tgz 9635ms (cache miss)
1918 http fetch GET 200 https://registry.npmjs.org/ansi-regex/-/ansi-regex-5.0.1.tgz 9991ms (cache miss)
1919 http fetch GET 200 https://registry.npmjs.org/@babel/traverse/-/traverse-7.28.6.tgz 10458ms (cache miss)
1920 http fetch GET 200 https://registry.npmjs.org/esbuild 10403ms (cache miss)
1921 silly packumentCache corgi:https://registry.npmjs.org/esbuild set size:undefined disposed:false
1922 http fetch GET 200 https://registry.npmjs.org/vite/-/vite-5.4.21.tgz 10969ms (cache miss)
1923 http fetch GET 200 https://registry.npmjs.org/lru-cache/-/lru-cache-10.4.3.tgz 10862ms (cache miss)
1924 silly packumentCache corgi:https://registry.npmjs.org/vite cache-miss
1925 http fetch GET 200 https://registry.npmjs.org/react-dom/-/react-dom-18.3.1.tgz 11118ms (cache miss)
1926 http fetch GET 200 https://registry.npmjs.org/@esbuild/darwin-x64/-/darwin-x64-0.21.5.tgz 11550ms (cache miss)
1927 http fetch GET 200 https://registry.npmjs.org/protobufjs/-/protobufjs-7.5.4.tgz 11384ms (cache miss)
1928 http fetch GET 200 https://registry.npmjs.org/gaxios/-/gaxios-7.1.3.tgz 11746ms (cache miss)
1929 http fetch GET 200 https://registry.npmjs.org/google-auth-library/-/google-auth-library-10.5.0.tgz 11759ms (cache miss)
1930 http fetch GET 200 https://registry.npmjs.org/rimraf/-/rimraf-5.0.10.tgz 12198ms (cache miss)
1931 http fetch GET 200 https://registry.npmjs.org/dom-helpers/-/dom-helpers-5.2.1.tgz 12278ms (cache miss)
1932 http fetch GET 200 https://registry.npmjs.org/vite 1161ms (cache miss)
1933 silly packumentCache corgi:https://registry.npmjs.org/vite set size:undefined disposed:false
1934 silly packumentCache corgi:https://registry.npmjs.org/@vitejs%2fplugin-react cache-miss
1935 http fetch GET 200 https://registry.npmjs.org/web-streams-polyfill/-/web-streams-polyfill-3.3.3.tgz 12975ms (cache miss)
1936 http fetch GET 200 https://registry.npmjs.org/@babel/core/-/core-7.28.6.tgz 12893ms (cache miss)
1937 http fetch GET 200 https://registry.npmjs.org/@vitejs%2fplugin-react 743ms (cache miss)
1938 silly packumentCache corgi:https://registry.npmjs.org/@vitejs%2fplugin-react set size:undefined disposed:false
1939 http fetch GET 200 https://registry.npmjs.org/@babel/runtime/-/runtime-7.28.6.tgz 14153ms (cache miss)
1940 http fetch GET 200 https://registry.npmjs.org/@google/genai/-/genai-1.38.0.tgz 14354ms (cache miss)
1941 http fetch GET 200 https://registry.npmjs.org/@babel/types/-/types-7.28.6.tgz 14555ms (cache miss)
1942 http fetch GET 200 https://registry.npmjs.org/@babel/helpers/-/helpers-7.28.6.tgz 15019ms (cache miss)
1943 http fetch GET 200 https://registry.npmjs.org/recharts/-/recharts-2.15.4.tgz 16292ms (cache miss)
1944 http fetch GET 200 https://registry.npmjs.org/victory-vendor/-/victory-vendor-36.9.2.tgz 16461ms (cache miss)
1945 http fetch GET 200 https://registry.npmjs.org/lodash/-/lodash-4.17.23.tgz 16775ms (cache miss)
1946 http fetch GET 200 https://registry.npmjs.org/typescript/-/typescript-5.9.3.tgz 16825ms (cache miss)
1947 http fetch GET 200 https://registry.npmjs.org/caniuse-lite/-/caniuse-lite-1.0.30001766.tgz 18258ms (cache miss)
1948 http fetch GET 200 https://registry.npmjs.org/lucide-react/-/lucide-react-0.344.0.tgz 23057ms (cache miss)
1949 info run fsevents@2.3.3 install node_modules/fsevents node-gyp rebuild
1950 info run fsevents@2.3.3 install { code: 1, signal: null }
1951 verbose reify failed optional dependency /Users/mac-domain/Desktop/updateer-ai/node_modules/fsevents
1952 silly reify mark deleted [ '/Users/mac-domain/Desktop/updateer-ai/node_modules/fsevents' ]
1953 info run esbuild@0.21.5 postinstall node_modules/esbuild node install.js
1954 info run protobufjs@7.5.4 postinstall node_modules/protobufjs node scripts/postinstall
1955 info run protobufjs@7.5.4 postinstall { code: 0, signal: null }
1956 info run esbuild@0.21.5 postinstall { code: 0, signal: null }
1957 silly ADD node_modules/color-name
1958 silly ADD node_modules/color-convert
1959 silly ADD node_modules/ansi-styles
1960 silly ADD node_modules/isexe
1961 silly ADD node_modules/@types/estree
1962 silly ADD node_modules/@rollup/rollup-win32-x64-msvc
1963 silly ADD node_modules/@rollup/rollup-win32-x64-gnu
1964 silly ADD node_modules/@rollup/rollup-win32-ia32-msvc
1965 silly ADD node_modules/@rollup/rollup-win32-arm64-msvc
1966 silly ADD node_modules/@rollup/rollup-openharmony-arm64
1967 silly ADD node_modules/@rollup/rollup-openbsd-x64
1968 silly ADD node_modules/@rollup/rollup-linux-x64-musl
1969 silly ADD node_modules/@rollup/rollup-linux-x64-gnu
1970 silly ADD node_modules/@rollup/rollup-linux-s390x-gnu
1971 silly ADD node_modules/@rollup/rollup-linux-riscv64-musl
1972 silly ADD node_modules/@rollup/rollup-linux-riscv64-gnu
1973 silly ADD node_modules/@rollup/rollup-linux-ppc64-musl
1974 silly ADD node_modules/@rollup/rollup-linux-ppc64-gnu
1975 silly ADD node_modules/@rollup/rollup-linux-loong64-musl
1976 silly ADD node_modules/@rollup/rollup-linux-loong64-gnu
1977 silly ADD node_modules/@rollup/rollup-linux-arm64-musl
1978 silly ADD node_modules/@rollup/rollup-linux-arm64-gnu
1979 silly ADD node_modules/@rollup/rollup-linux-arm-musleabihf
1980 silly ADD node_modules/@rollup/rollup-linux-arm-gnueabihf
1981 silly ADD node_modules/@rollup/rollup-freebsd-x64
1982 silly ADD node_modules/@rollup/rollup-freebsd-arm64
1983 silly ADD node_modules/@rollup/rollup-darwin-x64
1984 silly ADD node_modules/@rollup/rollup-darwin-arm64
1985 silly ADD node_modules/@rollup/rollup-android-arm64
1986 silly ADD node_modules/@rollup/rollup-android-arm-eabi
1987 silly ADD node_modules/source-map-js
1988 silly ADD node_modules/nanoid
1989 silly ADD node_modules/@esbuild/win32-x64
1990 silly ADD node_modules/@esbuild/win32-ia32
1991 silly ADD node_modules/@esbuild/win32-arm64
1992 silly ADD node_modules/@esbuild/sunos-x64
1993 silly ADD node_modules/@esbuild/openbsd-x64
1994 silly ADD node_modules/@esbuild/netbsd-x64
1995 silly ADD node_modules/@esbuild/linux-x64
1996 silly ADD node_modules/@esbuild/linux-s390x
1997 silly ADD node_modules/@esbuild/linux-riscv64
1998 silly ADD node_modules/@esbuild/linux-ppc64
1999 silly ADD node_modules/@esbuild/linux-mips64el
2000 silly ADD node_modules/@esbuild/linux-loong64
2001 silly ADD node_modules/@esbuild/linux-ia32
2002 silly ADD node_modules/@esbuild/linux-arm64
2003 silly ADD node_modules/@esbuild/linux-arm
2004 silly ADD node_modules/@esbuild/freebsd-x64
2005 silly ADD node_modules/@esbuild/freebsd-arm64
2006 silly ADD node_modules/@esbuild/darwin-x64
2007 silly ADD node_modules/@esbuild/darwin-arm64
2008 silly ADD node_modules/@esbuild/android-x64
2009 silly ADD node_modules/@esbuild/android-arm64
2010 silly ADD node_modules/@esbuild/android-arm
2011 silly ADD node_modules/@esbuild/aix-ppc64
2012 silly ADD node_modules/rollup
2013 silly ADD node_modules/postcss
2014 silly ADD node_modules/fsevents
2015 silly ADD node_modules/esbuild
2016 silly ADD node_modules/d3-path
2017 silly ADD node_modules/d3-time-format
2018 silly ADD node_modules/d3-format
2019 silly ADD node_modules/d3-color
2020 silly ADD node_modules/internmap
2021 silly ADD node_modules/@types/d3-path
2022 silly ADD node_modules/@types/d3-color
2023 silly ADD node_modules/d3-timer
2024 silly ADD node_modules/d3-time
2025 silly ADD node_modules/d3-shape
2026 silly ADD node_modules/d3-scale
2027 silly ADD node_modules/d3-interpolate
2028 silly ADD node_modules/d3-ease
2029 silly ADD node_modules/d3-array
2030 silly ADD node_modules/@types/d3-timer
2031 silly ADD node_modules/@types/d3-time
2032 silly ADD node_modules/@types/d3-shape
2033 silly ADD node_modules/@types/d3-scale
2034 silly ADD node_modules/@types/d3-interpolate
2035 silly ADD node_modules/@types/d3-ease
2036 silly ADD node_modules/@types/d3-array
2037 silly ADD node_modules/escalade
2038 silly ADD node_modules/ansi-regex
2039 silly ADD node_modules/is-fullwidth-code-point
2040 silly ADD node_modules/emoji-regex
2041 silly ADD node_modules/eastasianwidth
2042 silly ADD node_modules/shebang-regex
2043 silly ADD node_modules/balanced-match
2044 silly ADD node_modules/brace-expansion
2045 silly ADD node_modules/wrap-ansi-cjs
2046 silly ADD node_modules/wrap-ansi-cjs/node_modules/ansi-regex
2047 silly ADD node_modules/wrap-ansi-cjs/node_modules/emoji-regex
2048 silly ADD node_modules/wrap-ansi-cjs/node_modules/strip-ansi
2049 silly ADD node_modules/wrap-ansi-cjs/node_modules/string-width
2050 silly ADD node_modules/wrap-ansi-cjs/node_modules/ansi-styles
2051 silly ADD node_modules/wrap-ansi
2052 silly ADD node_modules/strip-ansi-cjs
2053 silly ADD node_modules/strip-ansi-cjs/node_modules/ansi-regex
2054 silly ADD node_modules/strip-ansi
2055 silly ADD node_modules/string-width-cjs
2056 silly ADD node_modules/string-width-cjs/node_modules/ansi-regex
2057 silly ADD node_modules/string-width-cjs/node_modules/strip-ansi
2058 silly ADD node_modules/string-width-cjs/node_modules/emoji-regex
2059 silly ADD node_modules/string-width
2060 silly ADD node_modules/@pkgjs/parseargs
2061 silly ADD node_modules/@isaacs/cliui
2062 silly ADD node_modules/which
2063 silly ADD node_modules/shebang-command
2064 silly ADD node_modules/path-key
2065 silly ADD node_modules/signal-exit
2066 silly ADD node_modules/cross-spawn
2067 silly ADD node_modules/path-scurry
2068 silly ADD node_modules/path-scurry/node_modules/lru-cache
2069 silly ADD node_modules/package-json-from-dist
2070 silly ADD node_modules/minipass
2071 silly ADD node_modules/minimatch
2072 silly ADD node_modules/jackspeak
2073 silly ADD node_modules/foreground-child
2074 silly ADD node_modules/glob
2075 silly ADD node_modules/decimal.js-light
2076 silly ADD node_modules/dom-helpers
2077 silly ADD node_modules/@babel/runtime
2078 silly ADD node_modules/object-assign
2079 silly ADD node_modules/react-transition-group
2080 silly ADD node_modules/prop-types
2081 silly ADD node_modules/prop-types/node_modules/react-is
2082 silly ADD node_modules/fast-equals
2083 silly ADD node_modules/victory-vendor
2084 silly ADD node_modules/tiny-invariant
2085 silly ADD node_modules/recharts-scale
2086 silly ADD node_modules/react-smooth
2087 silly ADD node_modules/react-is
2088 silly ADD node_modules/lodash
2089 silly ADD node_modules/eventemitter3
2090 silly ADD node_modules/clsx
2091 silly ADD node_modules/scheduler
2092 silly ADD node_modules/loose-envify
2093 silly ADD node_modules/undici-types
2094 silly ADD node_modules/long
2095 silly ADD node_modules/@types/node
2096 silly ADD node_modules/@protobufjs/utf8
2097 silly ADD node_modules/@protobufjs/pool
2098 silly ADD node_modules/@protobufjs/path
2099 silly ADD node_modules/@protobufjs/inquire
2100 silly ADD node_modules/@protobufjs/float
2101 silly ADD node_modules/@protobufjs/fetch
2102 silly ADD node_modules/@protobufjs/eventemitter
2103 silly ADD node_modules/@protobufjs/codegen
2104 silly ADD node_modules/@protobufjs/base64
2105 silly ADD node_modules/@protobufjs/aspromise
2106 silly ADD node_modules/web-streams-polyfill
2107 silly ADD node_modules/node-domexception
2108 silly ADD node_modules/formdata-polyfill
2109 silly ADD node_modules/fetch-blob
2110 silly ADD node_modules/data-uri-to-buffer
2111 silly ADD node_modules/yallist
2112 silly ADD node_modules/buffer-equal-constant-time
2113 silly ADD node_modules/jwa
2114 silly ADD node_modules/bignumber.js
2115 silly ADD node_modules/agent-base
2116 silly ADD node_modules/json-bigint
2117 silly ADD node_modules/rimraf
2118 silly ADD node_modules/node-fetch
2119 silly ADD node_modules/https-proxy-agent
2120 silly ADD node_modules/extend
2121 silly ADD node_modules/safe-buffer
2122 silly ADD node_modules/jws
2123 silly ADD node_modules/gtoken
2124 silly ADD node_modules/google-logging-utils
2125 silly ADD node_modules/gcp-metadata
2126 silly ADD node_modules/gaxios
2127 silly ADD node_modules/ecdsa-sig-formatter
2128 silly ADD node_modules/base64-js
2129 silly ADD node_modules/ms
2130 silly ADD node_modules/update-browserslist-db
2131 silly ADD node_modules/node-releases
2132 silly ADD node_modules/electron-to-chromium
2133 silly ADD node_modules/caniuse-lite
2134 silly ADD node_modules/baseline-browser-mapping
2135 silly ADD node_modules/@types/babel__traverse
2136 silly ADD node_modules/@types/babel__template
2137 silly ADD node_modules/@types/babel__generator
2138 silly ADD node_modules/@jridgewell/resolve-uri
2139 silly ADD node_modules/@jridgewell/sourcemap-codec
2140 silly ADD node_modules/@babel/helper-string-parser
2141 silly ADD node_modules/@babel/helper-globals
2142 silly ADD node_modules/@babel/helper-plugin-utils
2143 silly ADD node_modules/@babel/helper-module-imports
2144 silly ADD node_modules/lru-cache
2145 silly ADD node_modules/browserslist
2146 silly ADD node_modules/@babel/helper-validator-option
2147 silly ADD node_modules/@babel/compat-data
2148 silly ADD node_modules/jsesc
2149 silly ADD node_modules/@jridgewell/trace-mapping
2150 silly ADD node_modules/@jridgewell/gen-mapping
2151 silly ADD node_modules/picocolors
2152 silly ADD node_modules/js-tokens
2153 silly ADD node_modules/@babel/helper-validator-identifier
2154 silly ADD node_modules/semver
2155 silly ADD node_modules/json5
2156 silly ADD node_modules/gensync
2157 silly ADD node_modules/debug
2158 silly ADD node_modules/convert-source-map
2159 silly ADD node_modules/@jridgewell/remapping
2160 silly ADD node_modules/@babel/types
2161 silly ADD node_modules/@babel/traverse
2162 silly ADD node_modules/@babel/template
2163 silly ADD node_modules/@babel/parser
2164 silly ADD node_modules/@babel/helpers
2165 silly ADD node_modules/@babel/helper-module-transforms
2166 silly ADD node_modules/@babel/helper-compilation-targets
2167 silly ADD node_modules/@babel/generator
2168 silly ADD node_modules/@babel/code-frame
2169 silly ADD node_modules/react-refresh
2170 silly ADD node_modules/@types/babel__core
2171 silly ADD node_modules/@rolldown/pluginutils
2172 silly ADD node_modules/@babel/plugin-transform-react-jsx-source
2173 silly ADD node_modules/@babel/plugin-transform-react-jsx-self
2174 silly ADD node_modules/@babel/core
2175 silly ADD node_modules/csstype
2176 silly ADD node_modules/@types/prop-types
2177 silly ADD node_modules/ws
2178 silly ADD node_modules/protobufjs
2179 silly ADD node_modules/google-auth-library
2180 silly ADD node_modules/typescript
2181 silly ADD node_modules/recharts
2182 silly ADD node_modules/react-dom
2183 silly ADD node_modules/react
2184 silly ADD node_modules/lucide-react
2185 silly ADD node_modules/vite
2186 silly ADD node_modules/@vitejs/plugin-react
2187 silly ADD node_modules/@types/react-dom
2188 silly ADD node_modules/@types/react
2189 silly ADD node_modules/@google/genai
2190 verbose cwd /Users/mac-domain/Desktop/updateer-ai
2191 verbose os Darwin 21.6.0
2192 verbose node v24.10.0
2193 verbose npm  v11.6.1
2194 notice
2194 notice New [33mminor[39m version of npm available! [33m11.6.1[39m -> [34m11.8.0[39m
2194 notice Changelog: [34mhttps://github.com/npm/cli/releases/tag/v11.8.0[39m
2194 notice To update run: [4mnpm install -g npm@11.8.0[24m
2194 notice  { force: true, Symbol(proc-log.meta): true }
2195 verbose exit 0
2196 info ok
